dem,coberturas,pendiente,perfil,aspecto,inventario
0.5648795986728113,3.0,-0.3580063904154568,0.8833191272524236,-0.45972737241199796,1.0
0.6033173530899232,3.0,-0.5959916502714081,0.7057701984989854,0.07842157149593915,1.0
1.070483906774821,3.0,0.8130576177701365,-1.0247395764798608,-0.6321768426895427,1.0
0.9285598904654849,2.0,0.6511228917047303,-0.05389962327114479,-0.22639858480604932,1.0
1.0438731537168204,3.0,0.9446921024888283,1.5823811852982164,-0.8749146641050032,1.0
0.499831091197699,3.0,-0.49637525257295734,-0.09911806370506461,-0.3938798590527647,1.0
0.12432379804591406,3.0,-0.905238019963205,0.04292104745062676,0.1473597851154104,1.0
0.38156107760658564,2.0,-0.9152409121662767,-0.09911806370506461,-1.6631716743848826,1.0
1.4726019529846064,1.0,1.5093964963572948,1.5106584607030353,0.8576654357471388,1.0
1.2035376720648234,1.0,0.21410218436216044,-0.9647526056074813,-0.14603683475933243,1.0
0.1095400463470249,3.0,0.6350487055557047,0.4879769278228888,0.21795005328178094,1.0
0.8280303789130385,3.0,-0.5646312981905119,0.45811229184157765,0.18785106627682566,1.0
0.09179954430835789,2.0,0.5083143187066522,0.7057701984989854,1.2930637472173443,1.0
0.7629818714379263,2.0,-0.7200380461256403,-0.9040063259091147,-0.39953655878149086,1.0
0.4584365864408093,3.0,-0.24945447979519386,-1.2591041084817343,0.6106522772810632,1.0
1.2922401822581586,2.0,1.0456867812841129,-1.5850655785837682,0.6269206592857035,1.0
1.301110433277492,2.0,0.27263483398314553,-0.4289903152118015,0.46356110611497875,1.0
0.06518879125035738,3.0,-0.7955760787759993,0.06185958498903254,-0.22116885038113307,1.0
0.46139333678058714,1.0,0.21410218436216044,-1.1954314212454937,-0.5679166451892002,1.0
0.6476686081865907,3.0,2.210395473618126,-0.7752242369275397,0.4611817932393908,1.0
0.6594956095457021,3.0,1.845669655505226,0.3500185021328224,0.48466960932297437,1.0
0.6299281061479237,3.0,2.1940439855409615,0.3033260673969604,0.5138198829661446,1.0
0.6476686081865907,3.0,2.073087407906796,-2.2846685870307057,0.6098615351762202,1.0
-0.07377847471920082,2.0,-0.7639578989874367,0.13761377260978414,-0.17860903157390853,1.0
0.2041560572199156,2.0,-0.38889140694594243,1.1082143670681388,0.5138198829661446,1.0
0.9906516476008195,3.0,2.0196197013174793,0.7057701984989854,-0.3569767399742663,1.0
-0.005773216904310636,3.0,-1.6294622679872668,0.7057701984989854,-0.4664061609368085,1.0
0.28103156605413926,1.0,-1.173062654138417,-0.656348419251707,0.4524752147948608,1.0
-0.02351371894297764,2.0,-0.6239907793271996,0.7831633481884225,-0.06423001680331707,1.0
0.5737498496921448,2.0,-0.5763139104805509,-0.6542134298689366,1.6243288824781972,1.0
0.5826201007114784,3.0,-0.2783697200675874,-0.3003401292560771,1.3846165059065556,1.0
-0.02351371894297764,2.0,-1.0423208978575202,0.45811229184157765,0.6232493777470312,1.0
-0.1151729794760905,3.0,-0.7071318493633671,-0.1957046585415922,-0.44160039213292374,1.0
0.10658329600724706,2.0,-0.5000882458481495,-0.9813994755985518,-0.7137120829566375,1.0
0.1627615524630259,3.0,-0.3343815552765423,-0.5489085808036236,0.37801199337301133,1.0
-0.8573173147603269,3.0,-0.7774169167548179,0.04292104745062676,-0.08015573405341288,1.0
-0.7893120569454367,1.0,-0.38543061854011124,0.1021040018459479,0.5484228224342148,1.0
-0.747917552188547,1.0,-0.6858841034036987,-1.386939253257842,0.3880902642925406,1.0
0.1184102973663584,2.0,0.9914735686209268,-0.13099482732973938,0.03793029033452389,1.0
0.1184102973663584,3.0,1.2056480282466893,0.7783420780942735,0.128680348347105,1.0
-0.7686148045669918,3.0,-0.5000882458481495,0.6283771237438053,-0.0002413231735507498,1.0
-0.8188795603432151,1.0,-0.5763139104805509,1.414071950167547,0.39679684273707067,1.0
0.2218965592585826,2.0,-0.5763139104805509,-0.0025314688685370503,0.39679684273707067,1.0
-0.9578468263127732,3.0,0.04881926379943052,-0.7913219886834545,0.15708446616542904,1.0
0.1006697953276914,1.0,-0.7200380461256403,-0.9040063259091147,0.19964428497265357,1.0
0.014924035474134203,2.0,-1.059241389742721,-0.8420918211444164,0.5690729137237008,1.0
-1.0081115820889963,1.0,-0.062345895208909013,0.06185958498903254,0.3354521745657868,1.0
-0.02942721962253331,2.0,-1.4875640462250876,1.6716361281306968,0.6921875913665023,1.0
0.9965651482803751,1.0,-0.014281324803976786,-0.28486150306490254,-0.47200565144865136,1.0
-0.02942721962253331,2.0,-1.8932328700298189,0.7057701984989854,0.94921819443635,1.0
-0.09743247743742349,2.0,-0.7550596887977976,0.7057701984989854,0.07842157149593915,1.0
-0.026470469282755475,2.0,-1.6409437609510862,0.5045481516815371,0.5138198829661446,1.0
0.570793099352367,1.0,0.15887055225369195,0.6450239188006187,-0.11173935560024655,1.0
-0.02942721962253331,2.0,-1.5648247931040913,-0.09911806370506461,0.07842157149593915,1.0
0.5619228483330335,3.0,0.31307675563939896,-1.341143931446555,-0.15519902002528618,1.0
-1.01698183310833,3.0,-0.5959916502714081,0.19064171143773595,0.4351569882966547,1.0
-1.0317655848072191,3.0,-0.8757050903315935,-0.05177169644209487,0.2142294610890724,1.0
-0.08856222641808999,2.0,-0.4098138511382786,0.009650621389188858,0.1781262375901183,1.0
-0.02942721962253331,1.0,0.05151507191091947,-0.3003401292560771,-0.38467205404999305,1.0
0.15093455110391457,2.0,-0.65666632700199,-2.204210476362237,-1.0622955923523851,1.0
-0.1151729794760905,1.0,1.057374330700469,-0.09911806370506461,-0.547137667070452,1.0
-1.194386853495,3.0,-1.031181369462353,-0.14646443096803438,0.23270161594639954,1.0
-1.1086410936414428,3.0,-1.377223798738883,-0.7832730753383687,-0.5112567106063823,1.0
0.003097034115022866,3.0,0.3711121269263423,-0.3831962860164474,-0.6896244190067401,1.0
0.10362654566746922,3.0,-1.2250527199637695,-0.9040063259091147,-0.013131334829960855,1.0
-0.4256317651527631,3.0,0.27263483398314553,1.1807861717291699,-0.4072355168254322,1.0
-0.4315452658323187,3.0,-0.3343815552765423,0.7057701984989854,-0.22116885038113307,1.0
-0.12995673117497966,3.0,0.4911130963333698,-0.2645060617615919,-0.5934846622170027,1.0
0.3076423191121398,1.0,0.24602207742565188,-0.5325194471894388,0.3595399861523729,1.0
0.31355581979169544,3.0,0.5083143187066522,-0.36016290043784727,0.4222669766402446,1.0
0.23372356061769392,2.0,-1.4013377522391763,0.06185958498903254,1.4632794005760454,1.0
0.29581531775302844,2.0,-1.40953900476373,0.1021040018459479,-0.3569767399742663,1.0
0.2928585674132506,3.0,-1.6294622679872668,0.7057701984989854,-0.24754724519337978,1.0
-0.002816466564532802,3.0,-1.2871313234195545,-0.7027842790916664,0.5827580965856158,1.0
0.00014028377524503188,3.0,-0.905238019963205,0.45811229184157765,0.6614211388917944,1.0
-0.00872996724408847,3.0,-1.0423208978575202,0.9534281426235216,0.4043903881852581,1.0
-0.002816466564532802,3.0,-0.7200380461256403,-0.3888778388478652,0.5563797017733692,1.0
0.19232905586080426,1.0,-0.5646312981905119,2.253632218142387,-0.031007923284947368,1.0
-0.014643467923644139,1.0,-0.22729898830518266,0.8833191272524236,0.38571095141695266,1.0
0.4259123327032531,3.0,-0.38889140694594243,-0.5015621948070896,-0.3569767399742663,1.0
0.07110229192991305,1.0,-1.5155279982558703,-1.386939253257842,-0.44852957248182196,1.0
0.09179954430835789,1.0,0.5840221336453577,-0.8661292320987389,0.23699887704529116,1.0
0.09475629464813573,2.0,-0.082511450508367,1.6313917862080385,0.2699859329552012,1.0
-0.3428427556389837,3.0,0.010665563048716714,-0.2600957123991618,0.6564714712654008,1.0
-0.25118349510587085,2.0,-0.8186324586764685,-1.7088945881131647,1.2930637472173443,1.0
-1.4841483867932277,3.0,-1.338533939784381,0.4643037348246218,-0.1325183337189947,1.0
-1.495975388152339,1.0,0.07560481977801975,0.7057701984989854,-0.03860146873313481,1.0
-0.3398860052992059,3.0,0.2846144967065917,-0.061969373023062393,0.8605676777742117,1.0
-1.4930186378125612,3.0,-0.9717840370239016,-0.4305426532794171,-0.031007923284947368,1.0
-1.495975388152339,3.0,-1.185805651447433,-1.1454728270506067,-0.09994613690441863,1.0
-1.4486673827158938,2.0,-0.5959916502714081,-0.9040063259091147,0.07842157149593915,1.0
-0.6444312902963228,2.0,-0.832664457381419,0.5045481516815371,-0.3108860421193525,1.0
-1.4575376337352273,1.0,-0.4381426705181287,-0.09911806370506461,0.07842157149593915,1.0
-0.22457274204787037,2.0,1.5093964963572948,-0.36016290043784727,0.8576654357471388,1.0
-0.2275294923876482,2.0,1.9158632489174146,-0.2993585654238847,0.847707636365614,1.0
-1.5078023895114503,2.0,-0.059483321941823056,0.5045481516815371,-0.3569767399742663,1.0
-0.212745740688759,2.0,1.5861690848717036,-0.033856854521868956,0.8485181617867469,1.0
-0.13291348151475751,1.0,-1.185805651447433,-0.6625398622347511,0.2567892798962969,1.0
-0.13882698219431316,1.0,-0.9152409121662767,-0.09911806370506461,0.07842157149593915,1.0
-1.478234886113672,1.0,-1.1542453457506978,1.0153426473882199,-1.1065506494379629,1.0
-0.08264872573853432,3.0,0.05151507191091947,-0.7027842790916664,0.5415151970418713,1.0
-0.7508743025283249,3.0,-0.49637525257295734,-0.09911806370506461,0.47691676388764626,1.0
-0.694696046072546,3.0,-1.4875640462250876,0.06185958498903254,-1.0494056914234917,1.0
-0.16248098491253585,2.0,-0.65666632700199,-0.9813994755985518,0.16523637357039692,1.0
-1.392489126260115,3.0,-1.4432292004678662,-0.09911806370506461,-1.484804002893697,1.0
-0.3605832576776507,3.0,-1.1542453457506978,0.7057701984989854,0.9066583756291255,1.0
0.7334143680401479,3.0,2.166193107417078,1.2828599680348534,1.6773632290775047,1.0
0.8073331265345938,3.0,1.1631223649998594,-0.8975672252067488,1.7305537752934896,1.0
-1.797563922809678,2.0,-0.16551880670678198,0.11841930648344233,-0.031007923284947368,1.0
-0.5261612767052094,2.0,-0.3716606989571556,0.4559773024588073,-0.5679166451892002,1.0
-0.3457995059787616,2.0,0.47594487286351683,2.1143246386225085,0.4907346721327303,1.0
0.5589660979932557,3.0,-1.1542453457506978,-0.9040063259091147,0.9917780132435746,1.0
-1.6852074098981205,3.0,-0.724367083051278,0.17842961937687132,-0.13811775041249327,1.0
-1.7739099200914554,2.0,0.2654120924661451,0.42867751622543726,-0.3317955310709388,1.0
0.8516843816312613,3.0,0.8297163048181379,1.22211361340223,0.6153304410368806,1.0
-1.868525930964346,1.0,-1.377223798738883,0.2228372336831297,0.3595399861523729,1.0
-0.35466975699809505,3.0,2.7156930722227,-2.210159507023948,-0.6191402278012228,1.0
0.5767066000319226,3.0,-1.3851825149331132,-0.9040063259091147,1.7105853225958745,1.0
-0.9194090718956613,3.0,-0.7639578989874367,-0.09911806370506461,-0.535344448374624,1.0
-0.9223658222354392,3.0,-0.5763139104805509,-0.5820510285209203,-0.47399978020334027,1.0
0.5500958469739222,2.0,0.9129518659663172,-0.48546444305117487,0.4351569882966547,1.0
-1.8655691806245682,3.0,-0.062345895208909013,0.06185958498903254,0.3354521745657868,1.0
-0.4285885154925409,1.0,0.6086674453655201,0.2228372336831297,0.6921875913665023,1.0
-0.4167615141334296,1.0,0.36882212316963264,-0.38940563828690994,0.5138198829661446,1.0
-1.9099204357212358,2.0,-1.7570147778097682,-0.5015621948070896,0.5138198829661446,1.0
-2.0577579527101273,1.0,0.13581499520760903,0.7621123671118154,-0.016228309649469894,1.0
-0.8927983188376609,3.0,-0.4274602377344787,-0.9813994755985518,-1.484804002893697,1.0
-0.5379882780643208,2.0,0.17913635864586494,0.7057701984989854,0.94921819443635,1.0
-1.2564786106303345,2.0,-0.082511450508367,1.228947617638885,0.757653832977088,1.0
-1.3865756255805592,3.0,-1.185805651447433,0.7057701984989854,-0.9707427598448295,1.0
-1.3836188752407814,3.0,-0.9509131583730986,0.5045481516815371,-1.2277733629146772,1.0
-1.1677761004369995,3.0,-0.0339201161538886,-1.0558720626221596,-0.9578528220067638,1.0
-1.1648193500972217,3.0,-0.47063101882006564,-1.1361856251089122,-0.9219543705950796,1.0
-0.15952423457275802,1.0,0.3711121269263423,-0.5015621948070896,-0.3810644039241637,1.0
-1.708861412616343,2.0,1.7201037218845343,-0.46131777795017426,1.634886972636102,1.0
-1.691120910577676,1.0,1.8170005858366949,0.5294182695665596,1.6942850510664682,1.0
-1.623115652762786,2.0,0.628989480140748,0.4887216994030216,1.494046000687442,1.0
-1.6142454017434524,1.0,1.1100490799463134,0.6487869673176839,1.4580985338950991,1.0
-0.4699830202494306,2.0,0.19669744267069877,0.08662537565477331,0.40947617683866167,1.0
-1.5107591398512281,2.0,0.402902008996819,-0.09911806370506461,1.684206780146939,1.0
-1.4900618874727833,2.0,2.0827787125823045,-0.19016877790574516,1.6233778069293923,1.0
-1.4693646350943386,2.0,2.2756906148694473,-0.06269778083482704,1.6243288824781972,1.0
-1.4161431289783375,3.0,-0.5150303215042036,-0.6542134298689366,1.5747772853660524,1.0
-1.7029479119367874,1.0,0.17913635864586494,0.23075418780167226,-1.3064363314025114,1.0
-1.442753882036338,1.0,0.2846144967065917,-0.3630158536703156,-1.1526413472928765,1.0
-1.708861412616343,3.0,-0.30449452397408255,0.8833191272524236,-1.3956825436490932,1.0
-0.2275294923876482,3.0,1.6489309317528045,-0.6222954453778357,-0.4815490346449084,1.0
-1.283089363688335,1.0,-0.2783697200675874,-0.21985130490902854,0.7854358097890998,1.0
-0.33692925495942805,2.0,0.15887055225369195,-1.088734780758147,-0.3305981975253308,1.0
-1.3097001167463356,2.0,0.06225963020072527,-0.9495660544164539,1.127585755200019,1.0
-0.9105388208763279,2.0,0.01890727258059032,0.538717910594913,1.0898465695532373,1.0
-0.9578468263127732,3.0,-0.65666632700199,0.473590899299188,-0.7055602493700139,1.0
-0.4995505236472089,3.0,-1.0423208978575202,0.8295992080283819,0.6232493777470312,1.0
-1.5048456391716725,1.0,0.6025327916318312,0.6615995263133004,-0.9018044724070139,1.0
-0.4788532712687641,1.0,-1.9896668612469595,1.1082143670681388,1.3846165059065556,1.0
-0.8484470637409933,1.0,1.639881727783303,-1.0063620998238172,-0.704421896681554,1.0
-0.8868848181581052,2.0,1.2196497184817494,0.807929120120599,-0.6535378046352682,1.0
-1.4752781357738942,1.0,0.25816301960878735,1.8449966815244465,-0.936844268837039,1.0
-0.8514038140807711,1.0,1.621677994482871,-0.7644303318807308,-0.7261676736564567,1.0
-0.7952255576249924,3.0,-1.4013377522391763,0.7057701984989854,-0.7923750514444717,1.0
-0.7686148045669918,3.0,-0.15643737427382243,1.412501328141228,1.4459610264411507,1.0
-1.4161431289783375,3.0,-0.18996841622543373,0.07491183993916664,0.883010816648335,1.0
-0.9134955712161057,3.0,-0.120570660147069,1.6716361281306968,0.635042596442859,1.0
-0.8425335630614377,2.0,-1.6409437609510862,-0.09911806370506461,1.0278810891058399,1.0
-1.7946071724699002,3.0,0.7831271123276076,-1.1052284101936916,-0.3569767399742663,1.0
-1.7946071724699002,1.0,-0.14140464749289203,-0.39358938645622993,-1.319326232331405,1.0
-0.7035662970918795,3.0,-1.1542453457506978,0.7057701984989854,0.03586175268871462,1.0
-0.30144825088209404,3.0,1.434269616615225,-1.108324094218085,-1.5217071496540746,1.0
-1.8064341738290117,2.0,0.13581499520760903,-0.8476641572962846,-0.8870249325898808,1.0
-1.7857369214505667,2.0,-0.4274602377344787,-0.8762515763344854,-0.9707427598448295,1.0
-0.4167615141334296,3.0,0.6350487055557047,2.1166919616690483,1.0887466762221918,1.0
-0.3753670093765399,3.0,2.120095707564682,-0.06269778083482704,-0.1059716330815947,1.0
-0.36945350869698423,3.0,1.476304310078307,-1.6478341090752773,0.12451226935085297,1.0
-0.7981823079647702,2.0,-0.5000882458481495,0.6283771237438053,0.8705552997668602,1.0
-0.6533015413156563,2.0,-1.544667946346887,1.5106584607030353,1.085026231666172,1.0
-0.6828690447134347,2.0,-0.03674291812564304,-0.9281529910101153,0.887873673901755,1.0
-0.017600218263421973,2.0,0.4911130963333698,0.26473552452586974,-0.5934846622170027,1.0
-0.05899472302031165,3.0,0.24602207742565188,-0.8792405539769381,-1.0734933922825611,1.0
0.09475629464813573,3.0,0.9966120199777599,-1.2457042147799016,-0.5112567106063823,1.0
-0.4877235222880976,1.0,0.9914735686209268,1.7764931326091635,-0.614007343044114,1.0
-0.49068027262787545,1.0,0.643100884293964,0.19858034029011024,-0.5558671292017353,1.0
-0.5113775250063203,2.0,0.47594487286351683,0.1021040018459479,-1.2046881151720907,1.0
-0.5202477760256538,2.0,0.493271169103497,-0.7136611363609533,-1.158835149295206,1.0
-0.002816466564532802,3.0,1.3871400830777767,-0.801847404287501,1.6641089977099954,1.0
-0.3960642617549847,1.0,1.0523727474565354,0.13306125422829704,-1.5433814427897523,1.0
-0.6651285426747676,3.0,-0.65666632700199,0.06185958498903254,-0.19149904323031863,1.0
-0.4345020161720966,2.0,-0.6199578328381853,-0.09911806370506461,1.588165275573552,1.0
0.10658329600724706,2.0,-0.27513247376999894,1.2278598719645506,1.7739241195218471,1.0
-1.8862664330030132,1.0,1.8085729112135471,1.349680793275374,1.5490114351753503,1.0
-1.7384289160141215,3.0,0.31307675563939896,-0.7166616538789812,0.3120421630171645,1.0
-0.4522425182107636,2.0,0.34809743831477247,0.5076438731730593,1.5322177618322055,1.0
-1.818261175188123,2.0,0.9863235973026875,-0.14897840035548549,1.4037251225290017,1.0
-1.9808824438759038,1.0,-0.3750922760322778,0.9472366996404774,-1.5155705015048702,1.0
-0.2186592413683147,2.0,-0.8757050903315935,1.4633121496407584,1.684206780146939,1.0
-0.18613498763075853,2.0,-0.6732882598874091,-0.09911806370506461,1.7908645437335908,1.0
0.06223204091057955,2.0,1.6949304119332467,-0.9458791391044813,-0.7167580493001899,1.0
0.5796633503717005,2.0,-0.5646312981905119,0.14234841870286324,-0.031007923284947368,1.0
0.044491538871912546,2.0,0.729741691176908,-0.5060840276103431,1.2792933779860316,1.0
0.02083753615368987,2.0,1.5980648164477604,0.29351035414077964,-1.1491104313360152,1.0
0.032664537512801205,2.0,1.4873870615208287,-0.8764416845444458,-1.0288829736872083,1.0
0.13910754974480324,3.0,-1.4013377522391763,-1.7088945881131647,-0.27831384530477643,1.0
0.10362654566746922,3.0,1.7696606758611826,-0.8158303614429018,1.0875806416545948,1.0
0.2662478143552501,3.0,-1.185805651447433,-1.1454728270506067,1.641647256613092,1.0
0.08884279396858005,3.0,0.47811857986698125,-0.42107336109325894,1.2208339736226166,1.0
0.26920456469502796,3.0,-1.4784809680833557,-0.09911806370506461,1.758670296842166,1.0
0.09475629464813573,3.0,0.11508674465040881,-0.656348419251707,1.2488084686767336,1.0
0.6920198632832583,3.0,-0.056625137231463334,2.315546797841342,-0.3861270136174365,1.0
-0.2777942481638714,3.0,0.07560481977801975,0.7057701984989854,-0.16129080507570245,1.0
0.20119930688013776,3.0,-0.3177113482671346,-1.6218797299588703,-0.6737070432295577,1.0
0.606274103429701,1.0,-0.832664457381419,0.906992282783562,-0.3108860421193525,1.0
-0.13587023185453534,2.0,0.2846144967065917,-0.7588625667185385,-0.2818447243524657,1.0
-0.4965937733074311,1.0,0.5104545629650791,0.06185958498903254,-0.5425435824088668,1.0
0.6535821088661463,3.0,-0.3580063904154568,-0.726457434622805,-1.330524032261581,1.0
-0.4818100216085419,3.0,-1.2384970634945975,0.7057701984989854,0.07842157149593915,1.0
-0.48476677194831974,1.0,-1.1296817023283627,-0.8637619090521994,-0.04730804717766485,1.0
-0.3605832576776507,1.0,2.7997086993289684,-0.21083757553818552,-1.160228027635038,1.0
-1.708861412616343,1.0,-1.1542453457506978,-1.2135787747983493,-0.23575402649755187,1.0
-1.708861412616343,3.0,0.5963805836712373,-0.9608220040918068,-0.2907693621862513,1.0
0.748198119739037,3.0,0.03256295254626609,0.7057701984989854,-1.6236412220210215,1.0
0.7600251210981483,3.0,0.7850098031631633,1.5823811852982164,-1.6050314374742713,1.0
0.8369006299323721,1.0,-0.8708501123107958,-0.2600957123991618,-1.0344264360756776,1.0
0.7038468646423696,2.0,-0.12946955604869664,2.6777464746193234,-0.9437219239815701,1.0
-1.2742191126690015,1.0,-1.4784809680833557,-1.7088945881131647,0.887873673901755,1.0
0.7511548700788149,1.0,0.39613128882262105,-1.6758169585281564,-0.9814022764078925,1.0
-1.782780171110789,3.0,-1.294294613707154,-0.09911806370506461,1.3846165059065556,1.0
0.9847381469212638,2.0,-1.2871313234195545,0.42405931796770646,-0.9399762335517773,1.0
0.7718521224572598,1.0,-1.1542453457506978,1.3094364513527157,-1.3489960763913917,1.0
-1.8419151779063456,2.0,-0.12946955604869664,1.8728581374810165,-1.5118248387569564,1.0
-1.5551103949478957,3.0,-0.18075971564741328,0.14234841870286324,0.2567892798962969,1.0
-1.5521536446081179,3.0,-0.04807773729512776,-0.9040063259091147,0.09894425232305039,1.0
-1.5551103949478957,3.0,0.15632244650452043,-1.1052284101936916,-0.3569767399742663,1.0
-1.7591261683925663,2.0,-0.4098138511382786,-0.07736432574953571,-0.8920797913569952,1.0
-1.2712623623292236,2.0,2.327634120850783,-1.0587925503537319,-0.6652965501642775,1.0
-1.6645101575196757,3.0,0.6888241596854485,0.3648763542056032,-0.3144169211670418,1.0
-1.6733804085390092,3.0,0.6888241596854485,0.3648763542056032,-0.3144169211670418,1.0
-1.7384289160141215,2.0,-0.16551880670678198,0.5282213072126757,-1.0396809734643009,1.0
-1.7620829187323441,2.0,-0.3343815552765423,0.7057701984989854,-1.0919654364123719,1.0
0.7955061251754824,3.0,0.5860869495850524,-0.5952820578746465,-0.12961594405523305,1.0
1.3454616883741595,1.0,0.17913635864586494,0.7057701984989854,0.07842157149593915,1.0
0.5914903517308119,3.0,1.7598319545031835,0.1589196425615116,-0.22116885038113307,1.0
0.4761770884794763,3.0,-0.7639578989874367,0.2228372336831297,-0.535344448374624,1.0
-1.0909005916027759,3.0,-0.22729898830518266,-0.21985130490902854,1.1559901682917206,1.0
0.38156107760658564,3.0,0.493271169103497,-1.0943515529244046,-0.28803852635479504,1.0
0.2899018170734728,3.0,0.27263483398314553,2.368326292140274,-0.4072355168254322,1.0
1.874719999194392,3.0,-0.4417196185348075,0.8833191272524236,-0.5014459573668335,1.0
-1.1884733528154443,2.0,-0.04807773729512776,-0.39358938645622993,0.5719600968085232,1.0
-1.0110683324287741,3.0,-1.2871313234195545,-1.5076725787628449,-1.2967115765341484,1.0
-1.01698183310833,3.0,-0.905238019963205,-0.09911806370506461,-1.0801721808073717,1.0
-0.996284580729885,3.0,0.5611761301829525,-0.8598356537234298,-1.6157704240986903,1.0
-1.0790735902436643,2.0,0.03256295254626609,-2.513782925251472,-0.831905513035626,1.0
-0.90758207053655,3.0,-1.4784809680833557,-0.09911806370506461,-0.7310303832731879,1.0
-0.90758207053655,3.0,-0.905238019963205,-1.0278353354385112,0.36621877467718345,1.0
-0.27483749782409356,3.0,1.3770192484126873,1.4671510316258882,-1.5677148849172147,1.0
-0.9637603269923289,3.0,0.09149605796852033,0.27236881501461124,-0.4664061609368085,1.0
-0.9696738276718846,3.0,-0.15643737427382243,-0.19727516816652568,-0.41832140814555013,1.0
-0.925322572575217,3.0,-0.7639578989874367,-0.09911806370506461,-0.535344448374624,1.0
-0.9282793229149949,3.0,-0.7639578989874367,-0.09911806370506461,-0.535344448374624,1.0
-0.7833985562658811,3.0,-0.8373757101694325,-0.5015621948070896,-1.2277733629146772,1.0
-0.9726305780116624,3.0,-1.4875640462250876,0.06185958498903254,-0.535344448374624,1.0
1.2833699312388251,3.0,-1.4875640462250876,1.027725533354308,-0.17860903157390853,1.0
-0.9548900759729954,3.0,-0.19922593949703357,0.7057701984989854,-1.3863506684640292,1.0
0.044491538871912546,3.0,-1.4875640462250876,-1.869872255540826,-0.535344448374624,1.0
-0.2807509985036492,3.0,2.003009014108671,1.201086011813801,-1.339933656617848,1.0
-0.2630104964649822,3.0,2.108430649501548,-0.4669629127326994,-1.2142548987835116,1.0
0.28103156605413926,3.0,0.3012666009195037,-0.09911806370506461,-0.614007343044114,1.0
1.6973149788077218,3.0,-0.7774169167548179,-0.14646443096803438,-0.9509523569938237,1.0
-1.0376790854867748,3.0,1.476304310078307,-1.6589360688525348,0.5463920797807207,1.0
-1.0258520841276635,2.0,0.6829149680535701,-2.7694533646722013,0.49250867458452136,1.0
-0.15952423457275802,3.0,0.47376897158168935,-0.9040063259091147,1.3846165059065556,1.0
-0.18909173797053636,3.0,0.05151507191091947,-1.1052284101936916,1.3569213394675175,1.0
-0.24822674476609302,3.0,-0.16551880670678198,1.8326137955583581,1.196524116456179,1.0
-0.18317823729098068,3.0,-0.014281324803976786,-0.9603484945219448,1.718504259306025,1.0
-0.2452699944263152,3.0,-0.16551880670678198,1.216187212886127,1.415383106017952,1.0
-0.2275294923876482,3.0,0.3779659553935434,0.42867751622543726,1.4327011848794695,1.0
0.7836791238163711,3.0,0.9306410409905981,0.364072347095327,-0.535344448374624,1.0
-0.960803576652551,2.0,0.04881926379943052,0.8184545357246455,-1.5845087335789276,1.0
-0.9489765752934397,2.0,0.3504104819942949,0.18496015860631815,-1.5065327278310514,1.0
-0.12699998083520184,3.0,1.9262155799498129,-0.13180388079388417,-1.6329634523780292,1.0
1.247888927161491,3.0,-1.4784809680833557,-0.09911806370506461,-0.8537197196157555,1.0
1.6115692189541646,3.0,-0.7639578989874367,1.5106584607030353,-0.535344448374624,1.0
1.6086124686143868,3.0,-0.7071318493633671,1.8004182920465286,1.2999929275662425,1.0
1.7327959828850559,3.0,-0.607925644576422,0.19064171143773595,-0.317446278383112,1.0
1.623396220313276,3.0,-0.32769339482575666,0.06185958498903254,-0.5990281246054723,1.0
-0.4433722671914301,3.0,-1.8932328700298189,-0.9040063259091147,-0.7923750514444717,1.0
-0.46702626990965274,3.0,0.04070866239975325,-0.09911806370506464,-1.3973423122129787,1.0
-0.8987118195172166,2.0,1.3331372468526546,-0.45421584627768413,-0.45972737241199796,1.0
-0.694696046072546,2.0,0.010665563048716714,-2.4518683455525165,1.2419649176072993,1.0
1.2508456775012688,3.0,1.7647515265932956,1.82023090959227,-0.5873116031694401,1.0
-0.7833985562658811,2.0,-0.905238019963205,3.410194666586115,-0.5045779220815718,1.0
-0.7804418059261031,2.0,-1.9896668612469595,-0.9040063259091147,0.5138198829661446,1.0
-0.17430798627164718,1.0,-0.7639578989874367,0.2228372336831297,0.3354521745657868,1.0
-0.4345020161720966,3.0,0.24602207742565188,-1.622214386350547,-0.20269684316049463,1.0
0.07997254294924655,3.0,0.493271169103497,0.515425008950824,0.44488166934667334,1.0
-0.19204848831031418,1.0,-0.3580063904154568,0.5879817143590734,-0.2542260337181903,1.0
-0.47293977058920844,3.0,2.089217548154081,-0.8420918211444164,-0.24754724519337978,1.0
-0.3783237597163177,2.0,2.386989624857937,-1.5479169206855032,-1.0494056914234917,1.0
-0.4019777624345404,2.0,2.5967593449545343,0.41789046766314203,-1.0344264360756776,1.0
-0.7242635494703243,2.0,-0.5646312981905119,-0.8420918211444164,0.18785106627682566,1.0
-0.5764260324814326,3.0,0.47811857986698125,0.8543649799605585,-0.19319420769032736,1.0
-0.7449608018487691,3.0,0.2846144967065917,-0.235329921733421,-0.8810254942882657,1.0
-0.7420040515089913,3.0,0.04070866239975325,-0.42107336109325894,-1.0582043951617897,1.0
-0.5645990311223212,3.0,1.472134632618791,0.6705196253300459,-0.5921358534287569,1.0
-0.605993535879211,3.0,-0.5263334607798207,0.594751125266211,-0.08315231592458487,1.0
-0.6089502862189888,3.0,-0.4742827094434881,0.594751125266211,-0.1325183337189947,1.0
-0.712436548111213,3.0,0.36882212316963264,-0.3003401292560771,-1.2277733629146772,1.0
-0.7213067991305465,3.0,0.2846144967065917,0.982862918239662,-1.302905378536478,1.0
-0.535031527724543,3.0,0.8130576177701365,-1.515721417173674,0.43228456888070543,1.0
-0.6119070365587667,3.0,-0.3343815552765423,1.1318875225992773,-0.22116885038113307,1.0
0.00014028377524503188,3.0,1.6949304119332467,1.3978716134138254,-0.20269684316049463,1.0
-0.5291180270449872,3.0,-1.5648247931040913,-0.09911806370506461,0.07842157149593915,1.0
1.2626726788603801,1.0,0.3779659553935434,-0.2310669586876901,0.5619047095757473,1.0
-0.25118349510587085,2.0,1.1423617488368032,-1.5231511487533267,-1.1183439050429629,1.0
-0.32510225360031675,3.0,0.493271169103497,-1.0943515529244046,-1.2967115765341484,1.0
-0.3162320025809832,2.0,0.2846144967065917,-0.6269136436355665,-1.302905378536478,1.0
-0.30736175156164974,3.0,-0.04807773729512776,-0.7862178417692027,-1.2859136136662281,1.0
-0.47293977058920844,3.0,0.13581499520760903,-0.9603484945219448,-1.5685218209213527,1.0
-0.4818100216085419,3.0,0.8297163048181379,-0.09911806370506461,1.2831059478358193,1.0
-0.6089502862189888,2.0,0.13581499520760903,0.729916863599986,1.043868075581759,1.0
-0.24231324408653737,3.0,1.270272817458078,-0.6996885576001444,-0.9162629762445016,1.0
-0.5852962835007661,3.0,-0.5150303215042036,-0.6542134298689366,1.194455431173681,1.0
-0.5764260324814326,3.0,-1.0146753219029863,0.6438556937342871,1.2230426184860315,1.0
-0.570512531801877,3.0,-0.7955760787759993,0.06185958498903254,1.2488084686767336,1.0
-0.16543773525231367,3.0,1.5093964963572948,-0.14262553961612243,-0.7008221451185718,1.0
-0.712436548111213,1.0,-0.4669878310253002,0.7842959045484312,-1.3372028207863915,1.0
-0.6178205372383223,3.0,-0.7774169167548179,-0.14646443096803438,1.6614376594640976,1.0
-0.30736175156164974,3.0,2.463276454999711,-0.2378919052460326,-0.98720425063833,1.0
-0.3310157542798724,3.0,2.016306889558761,1.8875818197666732,-0.9210455929575961,1.0
-0.2984915005423162,3.0,2.6825600175091995,-0.79506443027985,-0.9500283727774012,1.0
-0.32510225360031675,3.0,2.4705888876448037,1.6053512326961032,-0.9323826142852455,1.0
-0.605993535879211,2.0,-0.056625137231463334,0.786259032212816,1.3554662322633853,1.0
-0.570512531801877,1.0,0.3504104819942949,1.5106584607030353,-0.07821741196706429,1.0
-0.588253033840544,3.0,0.04881926379943052,-0.09911806370506461,-0.3569767399742663,1.0
-0.5912097841803218,2.0,-0.22729898830518266,-0.47741556717321754,1.1559901682917206,1.0
-0.588253033840544,2.0,0.25574081058069975,-1.7088945881131647,0.9670946352546478,1.0
-0.5498152794234321,3.0,-0.056625137231463334,1.4869852302376398,1.4137667795497257,1.0
-0.5793827828212105,2.0,0.2654120924661451,-0.09911806370506461,0.8957365086701876,1.0
1.445991199926606,2.0,-0.9304004956650749,-0.7146208568572358,1.641647256613092,1.0
-0.5409450284040986,2.0,0.06225963020072527,-0.8584465974017755,0.7708504860359923,1.0
1.0290894020179313,3.0,-1.059241389742721,-1.7088945881131647,1.4398695366641119,1.0
-0.8573173147603269,3.0,-0.5763139104805509,-0.37666574678700054,-1.4674856841225605,1.0
-0.4818100216085419,2.0,-0.6858841034036987,0.2228372336831297,-1.102043707331901,1.0
-0.4877235222880976,2.0,-0.7639578989874367,-0.09911806370506461,-1.0494056914234917,1.0
-0.8780145671387717,3.0,-1.8028523613897316,0.7057701984989854,-1.5537422257404614,1.0
-0.47589652092898627,3.0,-0.65666632700199,-0.2600957123991618,-1.0622955923523851,1.0
-0.47293977058920844,3.0,-0.607925644576422,1.027725533354308,-1.188242901323523,1.0
-0.5202477760256538,3.0,1.5648708705096832,-0.7027842790916664,1.3846165059065556,1.0
-0.4345020161720966,1.0,-1.2871313234195545,0.5045481516815371,1.3156781446503956,1.0
-0.4995505236472089,3.0,0.9708023693011677,-1.0748552328773797,1.2488084686767336,1.0
-0.47293977058920844,3.0,0.5083143187066522,-1.2846967050054376,1.4761692645957667,1.0
-0.46702626990965274,3.0,0.17661458423705084,-0.0991180637050646,1.5712576267067067,1.0
-0.3931075114152069,1.0,1.0456867812841129,0.6438556937342871,1.4977171345894258,1.0
-0.36945350869698423,2.0,1.490149657979995,-0.7194459860656192,1.5322177618322055,1.0
-0.45815601889031926,1.0,-1.5155279982558703,0.2228372336831297,1.2930637472173443,1.0
-0.30440500122187186,2.0,0.11508674465040881,-1.3993221392239301,-1.3635812894169825,1.0
1.0911811591532659,3.0,-0.5959916502714081,-0.7752242369275397,1.4632794005760454,1.0
-0.46702626990965274,3.0,1.8085729112135471,-0.5820510285209203,1.5490114351753503,1.0
-0.31031850190142757,1.0,0.04881926379943052,-0.9040063259091147,1.3846165059065556,1.0
-0.30440500122187186,3.0,-0.4669878310253002,-1.2591041084817343,1.275187011125669,1.0
-0.3457995059787616,3.0,0.7755801661824564,-0.5060840276103431,1.2388211419574626,1.0
-0.30440500122187186,1.0,-1.2871313234195545,-1.2662060776213528,-0.06917953679302201,1.0
-0.3753670093765399,3.0,1.0673445830128894,0.7057701984989854,0.025783481769185365,1.0
-0.5113775250063203,3.0,-0.22729898830518266,0.02161517749889931,-1.4563998297116147,1.0
-0.5143342753460981,3.0,-0.4742827094434881,-0.5154395695944043,-1.4522317507153628,1.0
-0.31918875292076104,3.0,1.505285515843992,0.20339027657789086,-1.3087176504259541,1.0
1.1266621632305998,1.0,1.3463893167419143,-2.102526038455826,-1.001088595393343,1.0
-0.4285885154925409,3.0,-1.377223798738883,-0.09911806370506461,-0.5112567106063823,1.0
-0.23344299306720387,3.0,1.6796966343972954,0.26308165054004506,-0.9570574293462258,1.0
-0.25118349510587085,3.0,1.5648708705096832,0.2271879915776958,-0.871038019932306,1.0
-0.28370774884342703,3.0,0.25574081058069975,1.6468703561985203,-0.7744984629894852,1.0
-0.35466975699809505,3.0,-0.120570660147069,0.3838149011107911,-0.23575402649755187,1.0
-0.2186592413683147,3.0,2.3527062197125717,-0.7929872526763403,-0.9933573787329139,1.0
-0.24231324408653737,3.0,2.6079797873643416,0.08706606402007779,-0.9707427598448295,1.0
-0.5645990311223212,3.0,-0.04807773729512776,0.7057701984989854,-1.6426489751031854,1.0
-0.3310157542798724,3.0,0.5083143187066522,0.3250798194026625,-0.44852957248182196,1.0
-0.2600537461252044,3.0,-0.4417196185348075,-1.4366530372351725,0.3693507393919217,1.0
-0.5616422807825434,2.0,0.3779659553935434,-0.8792405539769381,1.5553905212220371,1.0
-0.5527720297632099,3.0,0.5528071525060181,0.7057701984989854,1.8041801919636122,1.0
-0.4818100216085419,3.0,-0.65666632700199,-2.6345162507564748,1.7332000153023033,1.0
-0.4197182644732074,3.0,1.761062944664893,0.14234841870286324,1.6483260451379025,1.0
-0.33692925495942805,3.0,0.577815891580072,-0.2600957123991618,-0.5143026769499348,1.0
-0.26892399714453785,3.0,-0.3750922760322778,0.3916674867025871,0.44488166934667334,1.0
-0.5527720297632099,3.0,0.17661458423705084,-0.09911806370506464,1.5712576267067067,1.0
-0.5379882780643208,3.0,0.6410906510285519,-0.815664906603488,1.758670296842166,1.0
-0.4818100216085419,3.0,-0.3580063904154568,3.1204349851111353,1.7959270057901748,1.0
-0.4019777624345404,3.0,1.7288514868639022,0.30570740314955536,1.601155827814988,1.0
-0.27483749782409356,3.0,-0.7200380461256403,0.7057701984989854,0.5563797017733692,1.0
-0.39015076107542906,3.0,-1.2871313234195545,-0.8637619090521994,-0.9399762335517773,1.0
-0.4818100216085419,3.0,0.8572034813033342,0.5850369479282393,1.6327063787435458,1.0
-0.3960642617549847,3.0,0.7220074085165056,0.42405931796770646,-1.4660191166204657,1.0
-0.49363702296765327,2.0,1.3871400830777767,-2.4171962648474694,1.6641089977099954,1.0
-0.5261612767052094,2.0,-0.4742827094434881,1.0943369922808242,1.6090747645251384,1.0
-0.5202477760256538,2.0,0.11508674465040881,0.45811229184157765,1.5204245431363774,1.0
-0.4965937733074311,2.0,0.6986369725253151,-0.7619672428537697,1.4483001821374037,1.0
-0.32510225360031675,3.0,1.221200250430088,0.8295992080283819,1.473267022568694,1.0
1.6559204740508322,3.0,-0.832664457381419,-0.09911806370506461,0.11099376831051523,1.0
-0.29257799986276056,2.0,-0.724367083051278,0.06185958498903254,-0.575835655717695,1.0
-0.2984915005423162,3.0,-0.7774169167548179,-0.05177169644209487,-0.6337977458951197,1.0
1.3720724414321601,2.0,1.4043884824358661,-0.07136329539687102,-0.827712188165601,1.0
-0.20683224000920336,3.0,0.1841700332108591,0.8383400643024291,0.04151845241744079,1.0
-0.19500523865009203,3.0,0.07560481977801975,-1.9404378453397086,0.1954446117250131,1.0
-0.32214550326053887,3.0,-0.3343815552765423,-0.8329867843814422,-0.22116885038113307,1.0
-0.5439017787438765,1.0,-0.082511450508367,-0.46131777795017426,-1.4716072944710346,1.0
1.567217963857497,1.0,0.47811857986698125,-0.3591588937956891,-0.19319420769032736,1.0
-0.31031850190142757,3.0,0.31307675563939896,-0.7999259400699976,-0.15519902002528618,1.0
-0.3132752522412054,3.0,0.3527210571106588,-1.609661849226654,-0.1325183337189947,1.0
-0.33692925495942805,3.0,0.5359682603474456,-0.13219566284803097,-0.09994613690441863,1.0
1.5553909624983857,1.0,0.7661096607672363,-0.6625398622347511,-0.09994613690441863,1.0
-0.32214550326053887,3.0,0.6809417632355356,-0.09911806370506461,-0.13811775041249327,1.0
-0.3280590039400946,3.0,0.7220074085165056,0.5850369479282393,-0.11873098626847792,1.0
-0.3487562563185394,3.0,0.8572034813033342,-1.0247395764798608,-0.10888671950058722,1.0
-0.4197182644732074,3.0,0.628989480140748,0.544792531071324,-1.4750792664799202,1.0
-0.5084207746665425,1.0,0.01890727258059032,0.9639419434177361,1.6793864422598737,1.0
-0.5202477760256538,2.0,-0.5763139104805509,0.7701612804569012,1.5016395461356296,1.0
-0.24231324408653737,1.0,1.5861690848717036,1.1180300803243195,1.3215340062722196,1.0
-0.44041551685165226,3.0,-0.062345895208909013,1.6716361281306968,1.2062489451428864,1.0
-0.4285885154925409,3.0,0.47811857986698125,0.2228372336831297,1.2208339736226166,1.0
1.496255955702829,1.0,0.20666193500241592,0.538717910594913,-0.08839843802195028,1.0
-0.27188074748431573,3.0,0.949938622055045,0.29963390668699913,-1.5107709157998646,1.0
-0.4108480134538739,3.0,0.6769895936187635,0.12697415719809876,1.2332697071878016,1.0
-0.25118349510587085,3.0,0.7755801661824564,-0.8566599399125807,-1.530894700748611,1.0
-0.13587023185453534,3.0,0.04881926379943052,-2.513782925251472,-0.871038019932306,1.0
-0.29257799986276056,2.0,1.4257711765148664,3.0539763920688605,1.5525257789139018,1.0
-0.4167615141334296,3.0,0.9708023693011677,0.8766191054672503,1.2488084686767336,1.0
-0.40789126311409607,3.0,1.2853963325062825,0.661362584192727,1.350013714075174,1.0
-0.2275294923876482,3.0,0.25574081058069975,-1.0497188361101757,-1.4621893470964404,1.0
-0.3576265073378729,2.0,-0.6732882598874091,-0.9040063259091147,0.9783684680795203,1.0
-0.3753670093765399,3.0,-0.9717840370239016,1.0845411366027433,1.7105853225958745,1.0
-0.3635400080174286,2.0,-0.832664457381419,0.1021040018459479,1.3385258080516418,1.0
-0.3487562563185394,2.0,-1.1542453457506978,1.0153426473882199,0.635042596442859,1.0
-0.33692925495942805,2.0,-0.5763139104805509,-0.5820510285209203,0.6308429231952185,1.0
-0.36945350869698423,3.0,0.11247994195502387,0.43241193985633575,1.6657347729263006,1.0
-0.37241025903676206,1.0,-0.04807773729512776,0.906992282783562,-1.2859136136662281,1.0
-0.13882698219431316,1.0,-0.3444649500670609,-0.9040063259091147,-0.7204722931152832,1.0
1.144402665269267,3.0,-0.724367083051278,1.711880619921869,1.3846165059065556,1.0
-0.18613498763075853,3.0,1.1246465167569601,-1.5316714735090793,-1.4929558549349067,1.0
-0.3339725046196502,3.0,-0.6732882598874091,-0.9040063259091147,0.9783684680795203,1.0
-0.13882698219431316,1.0,0.04881926379943052,4.055845609480884,-0.7137120829566375,1.0
1.1532729162886004,3.0,0.6086674453655201,1.8326137955583581,1.5629840666702246,1.0
-0.17430798627164718,3.0,0.04070866239975325,-1.3993221392239301,-1.3973423122129787,1.0
-0.3339725046196502,3.0,-0.7639578989874367,-0.09911806370506461,1.2062489451428864,1.0
-0.13291348151475751,1.0,1.2808695362431686,-1.8151579587266484,-0.8537197196157555,1.0
1.2419754264819354,3.0,0.6410906510285519,0.6370602057057201,0.13976623966722296,1.0
1.2390186761421575,3.0,-0.607925644576422,0.3838149011107911,-0.3965072015654206,1.0
1.233105175462602,3.0,-0.8373757101694325,0.7057701984989854,-0.3569767399742663,1.0
-0.20091873932964768,3.0,0.9690710836726671,-0.25390426941611766,0.8397886996554635,1.0
-0.31918875292076104,3.0,-0.4310130486891632,-0.3384091671657094,1.769756040525595,1.0
-0.38719401073565124,3.0,-0.7200380461256403,-0.5015621948070896,1.42717632471378,1.0
1.30406718361727,2.0,-1.8932328700298189,0.7057701984989854,-1.6631716743848826,1.0
-0.3783237597163177,2.0,-1.1542453457506978,-0.965920830673813,1.50583921938327,1.0
-0.27483749782409356,3.0,-0.25583763555350597,1.3583823090645062,-0.8839279577703718,1.0
-0.18022148695120285,3.0,-0.9304004956650749,2.1948134723363393,0.7708504860359923,1.0
-0.3132752522412054,3.0,-0.5763139104805509,-0.1957046585415922,1.2675934656774814,1.0
-0.38719401073565124,3.0,0.16649512099593844,0.538717910594913,-1.531870699215932,1.0
-0.32214550326053887,3.0,-0.7774169167548179,-0.241157174860756,1.6614376594640976,1.0
-0.3753670093765399,3.0,0.4954267733104657,-0.18579834040193946,-1.5982505351109708,1.0
-0.3664967583572064,3.0,1.5339126199388284,-0.22964048207145593,1.7061506117397742,1.0
-0.22457274204787037,3.0,-1.596296367669518,0.906992282783562,1.5955565587581781,1.0
-0.2777942481638714,3.0,-0.3177113482671346,1.5541658897801827,1.7013468091618469,1.0
-0.27483749782409356,3.0,-0.025477767294187336,1.5106584607030353,1.590226283748236,1.0
-0.3457995059787616,3.0,0.7064551863331068,-0.7714942344178032,-1.618321170851774,1.0
-0.3576265073378729,1.0,-1.0146753219029863,0.27236881501461124,-0.518550553576446,1.0
-0.2984915005423162,2.0,-0.8757050903315935,-0.5252353878053566,-1.5273637571098704,1.0
-0.2807509985036492,2.0,0.729741691176908,0.30784790020021385,-1.3330964908352012,1.0
-0.29257799986276056,3.0,0.02711263937707478,0.7057701984989854,-1.6631716743848826,1.0
-0.26892399714453785,2.0,0.47594487286351683,-0.36425773911125947,-1.2508586106572637,1.0
-0.33692925495942805,3.0,0.15887055225369195,-0.9040063259091147,-0.9825359785406574,1.0
-0.20091873932964768,3.0,-0.724367083051278,0.3838149011107911,-1.4466322786581058,1.0
-0.20091873932964768,3.0,-0.8139885428057233,0.04292104745062676,1.7231822754251536,1.0
-0.32510225360031675,2.0,0.04881926379943052,0.6735746949871558,-0.871038019932306,1.0
-0.32510225360031675,2.0,0.03256295254626609,0.7057701984989854,-0.7528445898533175,1.0
1.3395481876946038,3.0,-1.4875640462250876,-0.5820510285209203,1.5629840666702246,1.0
1.1680566679874895,2.0,2.090289178849669,0.9553207571520873,-0.8791898535189295,1.0
-0.2630104964649822,3.0,-0.0339201161538886,1.0198729477625121,-1.1409585608402195,1.0
-0.16839448559209153,3.0,-1.5648247931040913,1.5106584607030353,-0.7923750514444717,1.0
-0.2600537461252044,3.0,0.493271169103497,0.8961154255142753,-1.2967115765341484,1.0
-0.16839448559209153,3.0,-1.873271142618935,0.906992282783562,1.3846165059065556,1.0
-0.25709699578542655,3.0,0.15887055225369195,0.3033260673969604,-1.2541518315452682,1.0
-0.24231324408653737,2.0,1.4832371325665805,-0.14646443096803438,-0.0490296386049564,1.0
-0.40493451277431824,2.0,0.4051538871669695,1.5106584607030353,0.0952153924757729,1.0
-0.3576265073378729,2.0,0.9966120199777599,-2.4860281756768425,-0.20269684316049463,1.0
-0.3783237597163177,2.0,1.3331372468526546,-3.1576934450936034,-0.2542260337181903,1.0
-0.3931075114152069,2.0,0.9914735686209268,0.906992282783562,-0.3188049788295029,1.0
-0.30736175156164974,2.0,0.6086674453655201,3.2185922675414567,0.3354521745657868,1.0
-0.30144825088209404,2.0,1.1503689448686185,-0.09911806370506465,-0.17289416298982235,1.0
-0.33692925495942805,1.0,0.729741691176908,-0.5060840276103431,-0.2516536120537423,1.0
-0.3339725046196502,2.0,1.1710571498456916,-0.16557672699820558,-0.07585832531783251,1.0
-0.3398860052992059,2.0,0.577815891580072,-0.09911806370506461,0.15708446616542904,1.0
-0.37241025903676206,3.0,0.34809743831477247,0.5076438731730593,-0.20937563168530515,1.0
-0.3783237597163177,1.0,0.06225963020072527,0.8728224864030577,-0.09994613690441863,1.0
-0.3960642617549847,2.0,0.05151507191091947,0.42867751622543726,-0.38467205404999305,1.0
-0.35466975699809505,2.0,0.5465082021798906,0.7817030293883793,0.30704805674746277,1.0
-0.3812805100560956,3.0,0.010665563048716714,0.27236881501461124,-0.2143251516750101,1.0
-0.38719401073565124,2.0,-0.32769339482575666,0.8167892717317597,-0.11492535534306034,1.0
-0.40789126311409607,2.0,-0.724367083051278,0.3838149011107911,-0.575835655717695,1.0
-0.3664967583572064,2.0,-0.014281324803976786,3.7241011630306087,0.3987909714917595,1.0
-0.39015076107542906,2.0,-0.4098138511382786,0.8722988458152754,-0.17860903157390853,1.0
-0.3931075114152069,2.0,-0.6199578328381853,-0.09911806370506461,-0.15342797030726976,1.0
-0.4108480134538739,2.0,-1.3161356376792508,0.7057701984989854,-0.7421162745933059,1.0
-0.36945350869698423,2.0,-0.724367083051278,1.349680793275374,-0.13811775041249327,1.0
-0.3783237597163177,2.0,0.04881926379943052,-1.3064504944782682,-1.2277733629146772,1.0
-0.36945350869698423,2.0,0.9638692725280991,-0.323159127925455,-1.424410244179943,1.0
-0.3576265073378729,2.0,0.3711121269263423,-0.0991180637050645,-1.2036856620556076,1.0
-0.15952423457275802,2.0,0.5611761301829525,-0.8598356537234298,-1.6157704240986903,1.0
0.02083753615368987,3.0,-0.3177113482671346,1.5976734687258438,-0.6737070432295577,1.0
-0.3842372603958734,3.0,0.2846144967065917,-0.16103254505280762,-0.7037246086006778,1.0
-0.3960642617549847,3.0,-0.07384158241088987,0.6450239188006187,-0.6666454327708677,1.0
-0.15952423457275802,3.0,0.02711263937707478,-0.9040063259091147,-0.7923750514444717,1.0
-0.3635400080174286,3.0,-0.3177113482671346,-1.7524020171903119,-0.6737070432295577,1.0
-0.3753670093765399,3.0,0.31307675563939896,-0.1938107982310041,-0.6692602999833259,1.0
-0.38719401073565124,3.0,0.402902008996819,-0.09911806370506461,-0.6565670880329941,1.0
-0.16248098491253585,3.0,0.39613128882262105,-0.33066126473091567,-0.603347826481051,1.0
-0.3664967583572064,3.0,-0.1264983660026363,-1.5479169206855032,-0.5735161357010431,1.0
-0.3783237597163177,3.0,0.3504104819942949,-0.0044253291791251145,-0.6357360679814683,1.0
-0.39015076107542906,3.0,0.31307675563939896,-0.0044253291791251145,-0.6692602999833259,1.0
-0.15656748423298017,2.0,0.628989480140748,-0.325210284608228,-0.4664061609368085,1.0
-0.29257799986276056,3.0,1.1884177316850957,-0.949080105759933,-0.6779960366738803,1.0
-0.35171300665831723,2.0,-0.8757050903315935,0.04292104745062676,-0.0573863180971941,1.0
-0.35466975699809505,3.0,-1.0423208978575202,0.8295992080283819,-0.24754724519337978,1.0
-0.3310157542798724,3.0,0.902270393179451,1.4441998676607604,-0.6228061206007565,1.0
-0.4108480134538739,1.0,-1.7427148714309206,0.5045481516815371,-1.3635812894169825,1.0
-0.3457995059787616,2.0,0.06225963020072527,0.7513299270063245,-0.614007343044114,1.0
-0.3783237597163177,3.0,-0.7200380461256403,0.13761377260978414,-0.6711523379677573,1.0
-0.3842372603958734,3.0,-0.5150303215042036,-0.9040063259091147,-0.7659965828138806,1.0
-0.40493451277431824,1.0,-0.905238019963205,-0.09911806370506461,1.5322177618322055,1.0
0.08588604362880223,3.0,0.2654120924661451,-0.061969373023062393,1.7665331316105986,1.0
-0.3960642617549847,1.0,-0.4669878310253002,0.7057701984989854,1.494046000687442,1.0
-0.39015076107542906,1.0,-0.27513247376999894,-0.09911806370506461,1.4171887027211316,1.0
1.5938287169154977,2.0,-0.5763139104805509,0.9555630945391634,1.6243288824781972,1.0
1.5021694563823849,2.0,-0.4310130486891632,1.3583823090645062,0.9994769712875159,1.0
0.10362654566746922,3.0,-0.9717840370239016,-1.7562410490439557,1.7105853225958745,1.0
-0.3605832576776507,1.0,1.092079585861144,1.4273942119791474,1.5921343403133947,1.0
-0.32510225360031675,3.0,0.5465082021798906,0.011646373555706656,-1.535062788972156,1.0
-0.31031850190142757,3.0,0.3527210571106588,-4.123559449659572,-1.4522317507153628,1.0
0.05631854023102388,3.0,0.3527210571106588,-0.1983508681590503,-0.1325183337189947,1.0
0.01196728513435637,3.0,-0.059483321941823056,1.3094364513527157,1.3846165059065556,1.0
0.5471390966341444,3.0,-1.185805651447433,0.7057701984989854,-0.9707427598448295,1.0
0.49687434085792115,3.0,-0.7200380461256403,-0.09911806370506474,1.342056687099331,1.0
0.5027878415374768,2.0,-1.2250527199637695,-0.9040063259091147,1.7284620586875497,1.0
0.5027878415374768,2.0,-1.1542453457506978,-0.9040063259091147,1.7774549985695365,1.0
1.123705412890822,1.0,1.0456867812841129,-0.8420918211444164,1.2715158772236852,1.0
1.0911811591532659,2.0,-0.6774743944346487,0.8605564229436026,-0.614007343044114,1.0
1.2744996802194914,3.0,0.7755801661824564,-1.6636761102121165,1.5304118698556484,1.0
1.3986831944901605,1.0,-0.8757050903315935,-0.4305426532794171,-0.6565670880329941,1.0
1.392769693810605,1.0,-1.1542453457506978,0.27236881501461124,-0.47819945345098075,1.0
0.7068036149821474,1.0,0.402902008996819,0.09026740534681439,0.8134103048432167,1.0
0.8339438795925943,3.0,0.03256295254626609,-0.7913219886834545,0.9887485083908156,1.0
0.8989923870677066,2.0,-1.873271142618935,-2.312560766032638,-0.3569767399742663,1.0
0.8782951346892618,3.0,0.6986369725253151,-0.9040063259091147,0.9641974128749917,1.0
0.9285598904654849,3.0,-0.9509131583730986,1.711880619921869,-0.3569767399742663,0.0
0.7866358741561489,3.0,0.5465082021798906,0.6678931046886095,1.6919060334642577,0.0
-0.03534072030208898,1.0,0.14353090078672034,-0.09911806370506461,-1.0661995124033254,0.0
0.5234850939159217,3.0,-0.607925644576422,0.19064171143773595,-1.188242901323523,0.0
-0.3132752522412054,3.0,0.09149605796852033,0.27236881501461124,-1.1183439050429629,0.0
1.8214984930783908,3.0,1.1962658425355848,0.7057701984989854,0.05324051022930038,0.0
1.3395481876946038,1.0,-0.5959916502714081,-0.3888778388478652,-0.43563970846210054,0.0
0.08884279396858005,3.0,0.27743536647205835,-0.18579834040193946,1.5629840666702246,0.0
-0.09447572709764566,2.0,-0.9930313715563771,-0.09911806370506461,0.9861214611515371,0.0
-1.08498709092322,2.0,-0.12946955604869664,-1.4271837450490144,0.22976837021469312,0.0
0.6328848564877015,2.0,0.3341618507154014,-0.08673516720134647,0.9838209862677315,0.0
-1.9572284411576812,1.0,0.8699149358608805,0.9049178028133038,-1.431322187945432,0.0
-1.3865756255805592,1.0,-0.26545762618221347,1.6088155932648427,-0.29205557301847535,0.0
-0.7893120569454367,2.0,-0.4098138511382786,0.7057701984989854,-0.6926703115319482,0.0
0.570793099352367,2.0,0.9306410409905981,0.7057701984989854,1.2062489451428864,0.0
1.4193804468686053,1.0,0.44968155513534985,-0.9040063259091147,1.526081095228415,0.0
0.34903682386902946,3.0,-0.7200380461256403,0.19064171143773595,-0.39953655878149086,0.0
-0.8868848181581052,1.0,-0.24945447979519386,0.7057701984989854,-0.2601443456593477,0.0
0.3697340762474743,3.0,0.9129518659663172,-0.09911806370506461,0.94921819443635,0.0
-2.0607147030499053,2.0,-0.26545762618221347,-1.0217948849832836,-1.1628522328680584,0.0
1.088224408813488,1.0,-0.120570660147069,0.12292008276048415,0.3925971694894302,0.0
1.2183214237637128,3.0,-0.9152409121662767,1.5106584607030353,-1.6631716743848826,0.0
-0.18022148695120285,3.0,-1.4784809680833557,-0.09911806370506461,0.017076903324655328,0.0
1.5583477128381635,3.0,0.25574081058069975,1.878409117369645,-0.9933573787329139,0.0
-0.20978899034898119,3.0,-1.377223798738883,1.5106584607030353,1.2303364614560952,0.0
0.14797780076413675,2.0,1.9862812072922316,-0.09911806370506461,-1.6433812946021096,0.0
0.21598305857902692,3.0,1.84210505030434,0.14990814248481377,-0.34239156385784747,0.0
0.6535821088661463,1.0,0.9914735686209268,-0.3484197469571689,1.3464447447617922,0.0
1.1680566679874895,3.0,1.6437642290620462,1.3686193776476903,-1.519406886998009,0.0
-1.8064341738290117,1.0,0.8352412234516752,1.021087257396887,-0.5417161525868742,0.0
-0.2216159917080925,2.0,-0.18075971564741328,-0.3405845461129925,-0.9707427598448295,0.0
1.587915216235942,1.0,-0.9152409121662767,-0.09911806370506461,0.07842157149593915,0.0
-1.1027275929618872,2.0,-1.6409437609510862,1.5106584607030353,0.8705552997668602,0.0
0.9167328891063736,1.0,-1.3851825149331132,0.7057701984989854,-0.031007923284947368,0.0
0.10362654566746922,3.0,-1.3851825149331132,-0.9040063259091147,-0.9018044724070139,0.0
1.3306779366752703,2.0,0.07294329726595454,1.6964019000628734,1.4671560447487426,0.0
0.3726908265872521,3.0,0.2846144967065917,-1.7460432460114295,-0.0102289451661992,0.0
1.7919309896806126,3.0,-0.9457520785206459,-0.5015621948070896,0.46356110611497875,0.0
-1.7029479119367874,2.0,-0.3343815552765423,-0.47788900180882266,-1.3635812894169825,0.0
1.7120987305066109,2.0,-0.5959916502714081,-0.0025314688685370503,1.3059536112370655,0.0
1.3720724414321601,2.0,1.84210505030434,-0.15546024168467684,0.8559699760137526,0.0
0.07701579260946873,3.0,-0.5263334607798207,0.7057701984989854,-0.9539488650466514,0.0
0.49687434085792115,2.0,0.5465082021798906,-1.0365761917125584,-0.6642661937136242,0.0
-1.779823420771011,2.0,0.09149605796852033,1.7717033349029465,1.494046000687442,0.0
-0.2984915005423162,3.0,-0.22729898830518266,0.02161517749889931,-1.4563998297116147,0.0
0.05927529057080171,3.0,-0.04807773729512776,0.1953532590461007,-0.41511695381664493,0.0
1.318850935316159,3.0,-0.22415705597399216,-0.033856854521868956,1.684206780146939,0.0
1.0261326516781535,3.0,0.17913635864586494,-2.1707157627028733,1.4632794005760454,0.0
1.4134669461890497,1.0,-1.4013377522391763,1.349680793275374,0.4351569882966547,0.0
-0.18317823729098068,3.0,-1.8932328700298189,-0.9040063259091147,0.07842157149593915,0.0
0.15980480212324807,1.0,-0.056625137231463334,0.3916674867025871,1.4137667795497257,0.0
0.1893723055210264,3.0,-0.49637525257295734,-0.0025314688685370503,-0.3938798590527647,0.0
0.7629818714379263,3.0,0.34809743831477247,-0.7058800005831886,-0.20937563168530515,0.0
-0.09743247743742349,3.0,-1.2317512346655812,0.5850369479282393,-1.0288829736872083,0.0
-0.3931075114152069,1.0,-0.3444649500670609,-0.012103111882948988,0.15032432982512778,0.0
1.0202191509985978,1.0,-0.2783697200675874,-0.6222954453778357,-0.08536081315131108,0.0
0.39930157964525265,1.0,1.3986531873642647,-0.6222954453778357,1.2326271923184444,0.0
-0.2600537461252044,3.0,-0.9717840370239016,-0.241157174860756,-0.9018044724070139,0.0
-1.9720121928565704,2.0,-0.5000882458481495,0.6283771237438053,-1.5845087335789276,0.0
1.7712337373021676,3.0,-0.5263334607798207,-0.7929872526763403,-0.08315231592458487,0.0
1.5642612135177192,1.0,-1.2250527199637695,0.7057701984989854,-0.7008221451185718,0.0
-2.2588169758150203,3.0,1.1246465167569601,-0.8420918211444164,-0.2654238336483663,0.0
0.31651257013147327,2.0,-2.1061556824202188,-0.09911806370506461,-0.3569767399742663,0.0
0.7215873666810365,2.0,-0.47063101882006564,-0.6542134298689366,-0.051157821473012975,0.0
0.357907074888363,2.0,0.07294329726595454,-0.40869047512717066,0.43128034412395755,0.0
0.6151443544490345,3.0,0.8861517728935723,-1.1052284101936916,-1.247563765765683,0.0
0.5530525973137,2.0,-0.588089093889034,-0.9040063259091147,0.13367445461680671,0.0
0.24259381163702742,3.0,-0.1264983660026363,-0.09911806370506461,0.07842157149593915,0.0
0.38156107760658564,3.0,-0.5959916502714081,1.1887031258477125,-0.43563970846210054,0.0
1.570174714197275,3.0,-1.2384970634945975,2.315546797841342,-0.7923750514444717,0.0
-0.2600537461252044,2.0,0.6769895936187635,-0.09911806370506461,1.5359633046253094,0.0
0.1450210504243589,3.0,0.9638692725280991,-0.1737984200063251,-1.0311365001039974,0.0
0.4081718306645861,3.0,-1.4875640462250876,-0.5820510285209203,0.3354521745657868,0.0
-1.9306176880996806,3.0,-1.6294622679872668,-0.2600957123991618,0.6232493777470312,0.0
-0.5379882780643208,3.0,-1.1542453457506978,0.7057701984989854,-0.8349347964333519,0.0
0.5412255959545886,1.0,-1.6409437609510862,-0.09911806370506461,1.7413519227072711,0.0
1.7682769869623898,3.0,-0.30449452397408255,-1.0815552546625529,-0.5248859391632683,0.0
0.5412255959545886,3.0,1.092079585861144,1.4273942119791474,-1.4352913265036191,0.0
1.1000514101725993,3.0,0.9129518659663172,-0.09911806370506461,0.94921819443635,0.0
-1.2505651099507789,1.0,-1.9621794447625671,0.7057701984989854,1.641647256613092,0.0
0.8280303789130385,3.0,0.7850098031631633,0.7057701984989854,0.49329720213903333,0.0
-1.6260724031025637,3.0,0.21904671636865292,0.16092276638555988,-1.3573527189744572,0.0
-0.17135123593186935,3.0,0.4051538871669695,-1.0943515529244046,0.609276746252157,0.0
1.6736609760894992,3.0,-0.8708501123107958,1.3868294511736388,-1.0344264360756776,0.0
-0.9726305780116624,3.0,0.7064551863331068,0.6419680998009389,-0.8372255272957012,0.0
-0.20387548966942554,1.0,-0.1264983660026363,0.7057701984989854,1.601155827814988,0.0
-1.4545808833954494,1.0,-0.9717840370239016,-0.241157174860756,-0.031007923284947368,0.0
-0.14474048287386884,1.0,1.0673445830128894,-1.3993221392239301,-0.48827772437051,0.0
1.375029191771938,3.0,0.3893383515799965,1.5106584607030353,-1.2996760843346937,0.0
-1.7709531697516776,1.0,-0.4098138511382786,0.3506724533934944,-1.0494056914234917,0.0
0.4554798361010315,2.0,-0.4274602377344787,0.7335249480736147,-0.09994613690441863,0.0
1.3277211863354925,3.0,0.4253105282105773,0.7057701984989854,0.3951518747512304,0.0
1.7505364849237228,3.0,-0.19922593949703357,0.06185958498903254,1.5431936638192187,0.0
-0.30736175156164974,3.0,0.9129518659663172,-0.09911806370506461,-1.6631716743848826,0.0
1.5465207114790522,2.0,-1.265974297155961,-2.2661249061926787,-0.49278462956739955,0.0
1.8067147413795017,1.0,-1.338533939784381,-0.28486150306490254,0.7382782892214161,0.0
-0.14769723321364667,2.0,-0.5959916502714081,-0.7752242369275397,-1.1491104313360152,0.0
0.5205283435761439,3.0,-0.905238019963205,-1.7088945881131647,1.0181562604191325,0.0
-1.5284996418898953,1.0,-0.5763139104805509,-0.0025314688685370503,-0.23995369974519234,0.0
0.6151443544490345,2.0,0.6888241596854485,0.6678931046886095,-0.04280114198077528,0.0
-1.014025082768552,3.0,1.092079585861144,1.3718847128298886,-1.0202553808711492,0.0
-1.4871051371330055,1.0,1.6630818329165564,-1.3486959557336007,-0.3877431924489742,0.0
1.5583477128381635,3.0,-0.16855637367332665,1.9131026292721889,1.3846165059065556,0.0
0.24555056197680528,2.0,-0.6732882598874091,0.7057701984989854,0.04927129785276892,0.0
0.641755107507035,1.0,-0.8139885428057233,0.04292104745062676,1.7231822754251536,0.0
0.14206430008458107,2.0,0.577815891580072,0.7499408706846702,1.7413519227072711,0.0
0.2751180653745836,3.0,3.2815184680499248,1.2644330347692023,0.37319150784925725,0.0
-0.570512531801877,2.0,-1.7427148714309206,0.906992282783562,1.5204245431363774,0.0
0.27807481571436143,2.0,0.27263483398314553,0.9168884754317402,1.4348752827577214,0.0
1.2538024278410467,3.0,-0.38889140694594243,2.830675303636156,0.5138198829661446,0.0
1.4548614509459394,3.0,-0.26545762618221347,-1.1788462221479186,0.44889871601035364,0.0
-2.1375902118841292,3.0,-0.38543061854011124,-0.3003401292560771,-0.3223738005061961,0.0
1.7061852298270552,3.0,-1.4013377522391763,-0.09911806370506461,-1.1491104313360152,0.0
0.499831091197699,3.0,1.1931296701850975,0.7057701984989854,-1.6631716743848826,0.0
1.1798836693466008,2.0,-1.173062654138417,-0.5015621948070896,1.3232719853719603,0.0
-1.3215271181054469,3.0,-0.724367083051278,-0.7027842790916664,-0.3569767399742663,0.0
-0.07969197539875648,2.0,0.11247994195502387,-0.41803605085505346,1.6657347729263006,0.0
-0.8336633120421042,3.0,-0.5763139104805509,1.0110726686226792,-0.11726436340262471,0.0
1.620439469973498,2.0,0.2654120924661451,-0.061969373023062393,-1.6096898686639107,0.0
0.7304576177003701,3.0,2.4559409824318053,-1.5505559553478554,-1.1908702069270067,0.0
2.031427767202617,3.0,1.3856970707692309,-0.8100048224366952,1.1425649736386607,0.0
1.8599362474955028,3.0,-0.832664457381419,-1.1052284101936916,1.4307072037614694,0.0
0.9374301414848184,3.0,0.2846144967065917,-0.13626675438706684,-0.0102289451661992,0.0
1.4696452026448286,3.0,-0.04807773729512776,0.5879817143590734,-0.41511695381664493,0.0
1.780103988321501,3.0,-0.9930313715563771,-0.9040063259091147,-0.7554719323659734,0.0
0.7955061251754824,3.0,-0.7071318493633671,-0.1957046585415922,0.4291963046258315,0.0
0.8664681333301504,3.0,-1.596296367669518,0.544792531071324,1.5955565587581781,0.0
1.9515955080286156,1.0,-0.4098138511382786,2.204527649674311,1.2062489451428864,0.0
-0.9874143297105515,3.0,0.11508674465040881,0.9639419434177361,-0.13604936040337273,0.0
-0.24822674476609302,1.0,-0.27513247376999894,-2.3850007613356397,1.3520443090919794,0.0
0.535312095275033,1.0,-1.059241389742721,-0.8420918211444164,0.5690729137237008,0.0
-0.8307065617023264,2.0,0.9306410409905981,2.315546797841342,-0.17860903157390853,0.0
0.09771304498791356,2.0,0.5963805836712373,0.3648763542056032,0.5800272607541596,0.0
-0.3339725046196502,2.0,0.47376897158168935,0.7057701984989854,-1.2277733629146772,0.0
1.2183214237637128,3.0,-1.0649393820821496,-1.7088945881131647,-1.5845087335789276,0.0
0.10658329600724706,3.0,0.6809417632355356,-0.7712412563662358,-0.575835655717695,0.0
-0.47589652092898627,3.0,0.27743536647205835,-0.7058800005831886,-0.535344448374624,0.0
0.8280303789130385,3.0,1.4115379899124973,1.4858926887708588,1.3012555165282695,0.0
1.5258234591006075,2.0,-1.2871313234195545,-0.7832730753383687,0.22602282742158902,0.0
0.2751180653745836,3.0,0.5083143187066522,0.7057701984989854,-0.44852957248182196,0.0
0.43182583338280883,3.0,1.9227697400653303,-1.0606332354422099,-0.6076356388318639,0.0
0.7452413693992592,1.0,0.34809743831477247,0.11139118505407833,-0.7234368378250005,0.0
-0.005773216904310636,1.0,-0.22729898830518266,0.05475763458297814,1.5127252898190586,0.0
-0.6148637868985445,3.0,2.797326810165803,0.544792531071324,-1.0565125525272774,0.0
-2.0074931969339045,1.0,-0.3580063904154568,-0.09911806370506461,0.05433390754604177,0.0
-1.5639806459672292,1.0,-1.8932328700298189,0.7057701984989854,-1.6631716743848826,0.0
0.49687434085792115,2.0,-0.5763139104805509,0.3838149011107911,-1.3447964031437512,0.0
0.2307668102779161,3.0,0.11247994195502387,0.6450239188006187,-0.07585832531783251,0.0
0.5855768510512562,3.0,2.0470492779956437,1.1102887721041401,-1.4540374950552308,0.0
1.0409164033770426,3.0,-0.1264983660026363,-0.1796068880521132,-0.14043727042914514,0.0
-0.5379882780643208,1.0,0.11508674465040881,0.08662537565477331,0.37801199337301133,0.0
0.8191601278937051,2.0,-0.5959916502714081,-2.513782925251472,0.4351569882966547,0.0
1.0379596530372648,2.0,-0.25583763555350597,0.009650621389188858,-0.013131334829960855,0.0
-1.4190998793181153,1.0,-0.16551880670678198,0.5879817143590734,-0.3877431924489742,0.0
1.7416662339043893,1.0,-1.0423208978575202,-2.2661249061926787,1.275187011125669,0.0
1.2183214237637128,1.0,0.577815891580072,0.7303095191065657,-0.7137120829566375,0.0
0.9936083979405973,3.0,1.2808695362431686,-1.1052284101936916,-0.3396583658393715,0.0
-1.9365311887792362,1.0,0.6086674453655201,-0.09911806370506461,-0.17860903157390853,0.0
0.9758678959019302,1.0,0.8130576177701365,0.09405512596799051,-0.43851205405970545,0.0
-1.4664078847545607,1.0,0.09149605796852033,-0.09911806370506461,1.275187011125669,0.0
1.2035376720648234,1.0,-1.173062654138417,0.45811229184157765,-1.1664287316525657,0.0
1.2212781741034906,3.0,0.25574081058069975,-1.341143931446555,0.27940397260272565,0.0
1.159186416968156,3.0,0.5963805836712373,-0.4305426532794171,-1.1615659851266622,0.0
0.07405904226969089,2.0,-0.7200380461256403,-2.040319215154646,0.19964428497265357,0.0
1.1532729162886004,3.0,0.07560481977801975,0.7057701984989854,-0.9093980916735457,0.0
1.5760882148768307,1.0,0.4584729313971847,0.8478092815543303,-0.9082503640553513,0.0
-1.176646351456333,3.0,0.21410218436216044,0.7057701984989854,-1.0168334576997433,0.0
1.6559204740508322,3.0,-0.0339201161538886,0.8576359352120303,-0.08705612524800853,0.0
-0.8159228100034371,3.0,3.949339407890812,1.3226554537581963,1.1313569867769624,0.0
-1.7916504221301224,1.0,0.5104545629650791,0.06185958498903254,-1.4133402053492776,0.0
-1.8773961819836795,3.0,0.44968155513534985,-0.13219566284803097,1.5998873333854116,0.0
1.1325756639101554,2.0,-0.4742827094434881,-0.7374777535270817,-1.0033149566594055,0.0
-0.04421097132142248,1.0,-1.544667946346887,-0.09911806370506461,-0.9281830148559493,0.0
-1.6733804085390092,1.0,-0.22415705597399216,-1.6871408735745912,1.085026231666172,0.0
-0.5557287801029878,2.0,0.9914735686209268,0.1667165894674993,-0.9707427598448295,0.0
-0.13882698219431316,1.0,-1.9621794447625671,0.906992282783562,0.2567892798962969,0.0
1.1857971700261565,3.0,0.8861517728935723,-2.186129289758296,1.4044069087575612,0.0
-0.10038922777720133,2.0,-0.6732882598874091,0.7057701984989854,-0.7632247778013015,0.0
1.4193804468686053,1.0,0.3294954434914342,-0.09911806370506461,0.07842157149593915,0.0
1.0911811591532659,3.0,0.15887055225369195,-1.3790222991392993,1.410995048355491,0.0
1.4430344495868281,1.0,-1.0423208978575202,2.067888778782549,-1.3372028207863915,0.0
1.0645704060952652,3.0,-0.5150303215042036,0.7057701984989854,0.10480011394487461,0.0
-0.4256317651527631,2.0,1.715090344394399,-0.7411676662093335,-0.6955426571295531,0.0
-0.3783237597163177,1.0,-0.22729898830518266,-1.386939253257842,-0.5856032252257899,0.0
1.052743404736154,3.0,0.7220074085165056,3.219667723997646,-1.4660191166204657,0.0
-1.6852074098981205,3.0,-1.294294613707154,0.7057701984989854,-0.3569767399742663,0.0
1.3691156910923823,1.0,0.4911130963333698,0.00011474074892104004,-0.12046881773152987,0.0
-0.13882698219431316,3.0,1.445553144527972,0.014322566242739216,-1.1118980872129698,0.0
1.0586569054157096,2.0,0.849906957176374,-1.7407713212957976,0.9066583756291255,0.0
1.1857971700261565,3.0,-0.607925644576422,-0.5820510285209203,1.424146819861021,0.0
0.28694506673369496,3.0,2.302294320028693,-0.9040063259091147,1.0586476892172365,0.0
-0.7360905508294356,1.0,-0.4098138511382786,0.7057701984989854,-0.535344448374624,0.0
1.644093472691721,3.0,-0.09413632584897647,0.5879817143590734,-1.0775695674400783,0.0
1.463731701965273,1.0,-1.1542453457506978,0.7057701984989854,0.9066583756291255,0.0
-1.3599648725225586,3.0,-1.059241389742721,0.27236881501461124,-0.30172385685339875,0.0
1.5583477128381635,3.0,0.3341618507154014,-0.09911806370506461,1.7854120255453794,0.0
0.535312095275033,1.0,0.7755801661824564,0.30784790020021385,-0.5027721777417037,0.0
2.0077737644843943,3.0,-0.3177113482671346,-0.27314796734929586,-0.040246436718975,0.0
0.6624523598854799,3.0,1.3093899435525986,2.3431113642717545,-1.4387133050387833,0.0
0.17458855382213725,3.0,-0.8757050903315935,-0.3358499000199134,0.8134103048432167,0.0
1.392769693810605,1.0,-1.9621794447625671,0.7057701984989854,0.7708504860359923,0.0
1.5849584658961642,1.0,-0.5646312981905119,-1.0587925503537319,-0.9018044724070139,0.0
0.6801928619241469,3.0,0.19919343430874623,0.48040148658053655,0.8757361664478065,0.0
-1.4457106323761157,1.0,0.3527210571106588,1.1468049099392295,0.289361476710873,0.0
0.10362654566746922,1.0,-1.8543946230010109,-0.5015621948070896,0.6921875913665023,0.0
0.30468556877236197,3.0,0.11508674465040881,-1.073032906681862,1.7628699700898063,0.0
-0.535031527724543,3.0,0.6611085039656924,0.6174287791933587,-1.571618814195448,0.0
0.0060537844548007,3.0,-0.7955760787759993,0.06185958498903254,0.37801199337301133,0.0
0.8309871292528164,3.0,-0.6239907793271996,0.7212488434237242,-0.935026639743728,0.0
0.47913383881925414,2.0,0.07560481977801975,1.349680793275374,-0.16129080507570245,0.0
0.06814554159013522,2.0,0.7064551863331068,0.7499408706846702,-0.8372255272957012,0.0
-1.460494384075005,1.0,-1.8543946230010109,-0.09911806370506461,0.6921875913665023,0.0
1.2685861795399358,1.0,-1.0146753219029863,-0.5820510285209203,-1.389347213426029,0.0
-2.1671577152819075,3.0,1.2687549254003907,0.7288612647218965,-1.6262685322381516,0.0
2.0432547685617286,3.0,0.11508674465040881,-0.03720358235732162,0.1355665664195825,0.0
0.1361507994050254,3.0,-0.4381426705181287,-1.7088945881131647,-1.6631716743848826,0.0
-0.5527720297632099,3.0,0.05957918203777816,-3.7211154309589323,-1.2830263198538892,0.0
-0.4611127692300971,3.0,0.6986369725253151,-1.0460454089644597,1.3209328296757072,0.0
1.7002717291474996,3.0,0.31307675563939896,0.8514827087000464,0.3120421630171645,0.0
0.8428141306119278,3.0,0.6086674453655201,-0.7430286584814533,1.5629840666702246,0.0
1.8096714917192795,3.0,0.577815891580072,0.06185958498903254,1.5419422952455353,0.0
-0.2541402454456487,2.0,-0.7200380461256403,-1.0327884898249466,-0.3144169211670418,0.0
0.1538913014436924,1.0,-0.4852896211400843,-0.1957046585415922,0.44033785497760103,0.0
1.8214984930783908,1.0,-0.4742827094434881,0.594751125266211,0.7382782892214161,0.0
-0.4019777624345404,2.0,-0.9304004956650749,-0.241157174860756,-0.9707427598448295,0.0
0.00014028377524503188,1.0,-1.4432292004678662,-0.42107336109325894,0.2567892798962969,0.0
-0.8868848181581052,2.0,-0.4381426705181287,-0.9040063259091147,0.94921819443635,0.0
1.6322664713326094,3.0,-1.7288324607962557,1.5106584607030353,0.07842157149593915,0.0
-1.9867959445554595,1.0,2.302294320028693,0.5509839740543682,1.7105853225958745,0.0
-1.7768666704312333,1.0,0.5104545629650791,-0.2600957123991618,0.32825311434988846,0.0
1.709141980166833,3.0,-1.2317512346655812,0.5850369479282393,0.7127102721936136,0.0
-0.7627013038874362,3.0,2.5566210565667777,0.8684912863495636,-0.4898822399036379,0.0
1.1650999176477117,2.0,1.957004596801912,-0.30346794134315125,1.5272680942058117,0.0
0.5146148428965882,2.0,0.9076175752655757,0.722365813458281,-0.13509680848768066,0.0
-0.6739987936941011,3.0,-0.059483321941823056,-0.3003401292560771,0.5138198829661446,0.0
0.9374301414848184,3.0,0.577815891580072,-0.5820510285209203,1.2272907165675757,0.0
1.8835902502137254,3.0,0.6888241596854485,0.1565523382485363,-0.9135977649211862,0.0
0.8782951346892618,3.0,0.6769895936187635,-0.09911806370506461,0.6651666816848986,0.0
1.0054353992997087,3.0,-0.3750922760322778,-0.09911806370506461,-1.5155705015048702,0.0
-0.5143342753460981,1.0,0.7906480014171966,0.5637311154436404,-0.31598748026176154,0.0
2.0225575161832836,3.0,0.03256295254626609,-0.8718108223972852,-0.831905513035626,0.0
1.445991199926606,3.0,-0.49637525257295734,-1.3064504944782682,0.47691676388764626,0.0
-1.318570367765669,1.0,0.21410218436216044,2.254800443208719,0.7247597881810784,0.0
-1.0258520841276635,3.0,0.21904671636865292,1.0864605775953082,-1.0981940068548972,0.0
-1.155949099077888,3.0,-0.588089093889034,0.7057701984989854,1.7647617866192047,0.0
1.65887722439061,3.0,-1.2250527199637695,0.9472366996404774,-1.571618814195448,0.0
0.9876948972610416,1.0,-0.588089093889034,0.7057701984989854,1.7647617866192047,0.0
1.0852676584737102,3.0,-0.724367083051278,-1.1052284101936916,-1.2277733629146772,0.0
-2.30021148057191,1.0,1.1439654920354474,-1.0128641453020468,0.14259466334993043,0.0
0.9581273938632633,2.0,-0.25583763555350597,-0.3384091671657094,-0.013131334829960855,0.0
0.1361507994050254,1.0,-1.7021875786321021,-0.09911806370506461,0.7708504860359923,0.0
-0.6473880406361007,1.0,1.8833643406508551,-0.625558495065196,-0.44379154204872406,0.0
1.2242349244432684,3.0,-0.0339201161538886,-0.9040063259091147,-1.1409585608402195,0.0
1.800801240699946,3.0,-1.6409437609510862,-1.1052284101936916,-1.2277733629146772,0.0
1.0202191509985978,3.0,0.5465082021798906,-1.0460454089644597,-0.6642661937136242,0.0
-0.3487562563185394,3.0,0.3012666009195037,0.6450239188006187,1.641647256613092,0.0
1.4578182012857173,2.0,1.1311042779796183,0.8146280178919175,-0.753760896961926,0.0
1.2833699312388251,3.0,-1.265974297155961,0.544792531071324,1.2488084686767336,0.0
-1.5876346486854518,3.0,0.8425862959874194,-0.09911806370506461,-0.7781636176055753,0.0
-0.05012447200097815,3.0,-1.0822136327822045,0.8265034490697314,1.6164660477097643,0.0
1.3838994427912714,3.0,-0.3750922760322778,-1.7088945881131647,-0.42591495359373754,0.0
0.5914903517308119,2.0,0.11508674465040881,2.0016403013968485,-0.8495200463681151,0.0
1.9368117563297265,3.0,-1.294294613707154,-0.5015621948070896,-1.2277733629146772,0.0
1.0290894020179313,3.0,-0.09413632584897647,1.1887031258477125,1.5348203013811546,0.0
1.856979497155725,2.0,1.703771433743047,-0.8045789827572246,1.2930637472173443,0.0
1.247888927161491,2.0,-0.26867649539851085,0.06185958498903254,-1.0288829736872083,0.0
-0.9785440786912181,3.0,-0.7071318493633671,0.3838149011107911,1.2999929275662425,0.0
0.5264418442556995,3.0,3.1989219904750037,0.6716105182431734,1.7190268931841324,0.0
0.393388078965697,3.0,1.7940555655631543,0.8824530371102387,-1.1386519221246594,0.0
1.7032284794872774,3.0,-1.173062654138417,-0.7801773913139751,-0.41832140814555013,0.0
0.9049058877472622,3.0,-0.7550596887977976,-0.09911806370506461,-0.7923750514444717,0.0
-1.0820303405834422,1.0,-0.10290452504560085,0.7057701984989854,0.16304529747294097,0.0
2.1910922855506203,3.0,-0.04807773729512776,0.5879817143590734,1.3264762920641768,0.0
0.7068036149821474,3.0,-1.0146753219029863,-1.5850655785837682,-0.518550553576446,0.0
-0.07673522505897866,3.0,-1.338533939784381,-0.9040063259091147,-1.0033149566594055,0.0
0.48209058915903197,1.0,-0.6239907793271996,-0.8266132511539346,-0.06423001680331707,0.0
0.8339438795925943,3.0,0.07560481977801975,0.3838149011107911,-1.032087354197769,0.0
-0.854360564420549,3.0,-0.18996841622543373,-0.0556105877940068,-0.7261676736564567,0.0
1.7594067359430563,3.0,1.3770192484126873,0.5383534303689581,0.17387843478195153,0.0
0.08884279396858005,3.0,-0.8139885428057233,0.04292104745062676,-0.6955426571295531,0.0
0.003097034115022866,3.0,-0.2783697200675874,-0.7027842790916664,0.5138198829661446,0.0
1.676617726429277,3.0,-1.7570147778097682,-0.5015621948070896,-1.2277733629146772,0.0
-1.4190998793181153,3.0,-0.15643737427382243,-0.6291664296703109,-1.2891179941767887,0.0
1.463731701965273,2.0,3.2994720536169617,-0.09911806370506461,-0.8908284227833118,0.0
1.0261326516781535,3.0,0.6350487055557047,0.4122227402021372,-0.06110691028990265,0.0
1.3425049380343816,3.0,-0.5763139104805509,-1.6123080775776764,-1.1107503226856033,0.0
-2.0991524574670173,1.0,-0.6119254026051941,-0.09911806370506461,1.3846165059065556,0.0
-0.6651285426747676,3.0,0.09149605796852033,0.27236881501461124,-1.1183439050429629,0.0
0.7718521224572598,3.0,0.4954267733104657,0.7057701984989854,1.014139361392141,0.0
1.54947746181883,3.0,1.2853963325062825,1.1498464914300828,-0.3223738005061961,0.0
0.035621287852579044,1.0,1.4043884824358661,-0.0602613894786109,1.7846776806556317,0.0
0.3105990694519176,3.0,-1.2384970634945975,-0.9040063259091147,-1.6631716743848826,0.0
0.9758678959019302,3.0,-1.173062654138417,0.3033260673969604,-1.1664287316525657,0.0
1.7741904876419454,3.0,-0.9457520785206459,-1.5231511487533267,0.46356110611497875,0.0
1.800801240699946,3.0,-0.10290452504560085,-0.12087180166059353,0.16304529747294097,0.0
1.4726019529846064,1.0,1.5093964963572948,1.3366285945259326,1.0407709531255613,0.0
-1.8330449268870121,2.0,1.2581022525170404,1.5725728905334766,1.5077313311860456,0.0
-1.5787643976661183,2.0,-0.6858841034036987,0.19064171143773595,-1.102043707331901,0.0
1.5760882148768307,3.0,-0.5959916502714081,0.7057701984989854,0.94921819443635,0.0
-0.3783237597163177,3.0,0.01890727258059032,0.538717910594913,-0.6517466763275844,0.0
-0.6976527964123238,2.0,1.1503689448686185,1.8326137955583581,0.6979024599505885,0.0
1.0409164033770426,2.0,-0.8708501123107958,0.06185958498903254,0.3204729561271451,0.0
0.3105990694519176,2.0,0.8572034813033342,0.8265034490697314,0.2657298624924655,0.0
0.06518879125035738,1.0,0.6410906510285519,0.5094560083096276,-0.7310303832731879,0.0
-1.2505651099507789,2.0,0.2654120924661451,1.378709575087192,-0.3821578012409051,0.0
1.783060738661279,1.0,-0.7639578989874367,-0.09911806370506461,0.6921875913665023,0.0
0.44956633542147584,1.0,0.9129518659663172,-0.09911806370506461,-0.7923750514444717,0.0
0.5323553449352552,2.0,-0.3343815552765423,-0.8329867843814422,-0.22116885038113307,0.0
-1.176646351456333,3.0,-0.014281324803976786,-0.8476641572962846,0.847707636365614,0.0
-0.44928576787098573,3.0,-1.1296817023283627,1.0679699502112234,-0.6666454327708677,0.0
0.7748088727970376,3.0,-0.27513247376999894,-0.5015621948070896,-1.2603456335475975,0.0
1.318850935316159,2.0,-0.8279702102507198,-1.9456264431615777,1.1481084360271303,0.0
0.9374301414848184,1.0,0.402902008996819,-0.3831962860164474,-0.6565670880329941,0.0
2.037341267882173,3.0,-1.5155279982558703,1.5106584607030353,-1.1362204934979494,0.0
-0.14178373253409102,3.0,0.34809743831477247,-0.012437787008189784,0.36621877467718345,0.0
1.7180122311861667,3.0,0.19919343430874623,-0.18579834040193946,-1.5896895725779947,0.0
0.07405904226969089,3.0,-0.24945447979519386,-0.47788900180882266,-0.2601443456593477,0.0
1.2124079230841571,3.0,0.19919343430874623,0.7057701984989854,0.8757361664478065,0.0
-1.6497264058207863,3.0,0.09149605796852033,0.024710898990421375,-0.24754724519337978,0.0
-0.588253033840544,2.0,0.949938622055045,-0.27634117830915006,-0.07397920554366504,0.0
1.5376504604597188,3.0,-1.185805651447433,1.1887031258477125,-1.484804002893697,0.0
1.1887539203659343,3.0,0.3504104819942949,0.18496015860631815,-0.07821741196706429,0.0
0.41704208168391965,3.0,0.6025327916318312,0.4879769278228888,0.18785106627682566,0.0
-0.31031850190142757,3.0,-0.8708501123107958,0.06185958498903254,-0.1636298131352668,0.0
-0.7508743025283249,2.0,0.8735333008816631,0.6678037830542883,-1.08714498779779,0.0
0.1006697953276914,2.0,-0.65666632700199,0.7831633481884225,-0.008393230578518627,0.0
1.2005809217250456,3.0,-1.377223798738883,-1.386939253257842,-1.3820533335467933,0.0
0.5087013422170324,1.0,1.3741192352710307,-0.09911806370506461,-1.0919654364123719,0.0
1.6115692189541646,3.0,0.3224753984382269,0.33428331977930953,0.6377077339478301,0.0
0.9847381469212638,2.0,-0.9770597679208273,0.4643037348246218,-0.5679166451892002,0.0
-1.2239543568927782,3.0,0.9129518659663172,-0.09911806370506461,1.3059536112370655,0.0
1.6825312271088326,3.0,-1.338533939784381,-1.869872255540826,-0.1325183337189947,0.0
-0.24822674476609302,3.0,0.8572034813033342,0.66552578164207,1.1365263377961876,0.0
0.19232905586080426,3.0,0.4824591367540253,-0.9040063259091147,1.787442620562185,0.0
1.694358228467944,3.0,-1.6409437609510862,-0.09911806370506461,-0.0002413231735507498,0.0
-0.535031527724543,3.0,-0.5000882458481495,0.6283771237438053,0.15708446616542904,0.0
0.2071128075596934,2.0,1.2853963325062825,1.0958314811020506,-0.3915796794423365,0.0
-0.19796198898986986,3.0,-1.4013377522391763,-1.2259616607644375,-0.27831384530477643,0.0
0.9640408945428189,3.0,2.15891907464334,0.0647732162360911,1.647607940283915,0.0
-0.30736175156164974,2.0,1.8669464756532062,-1.6557801376855286,-0.8333643849753208,0.0
0.7393278687197036,3.0,-1.4432292004678662,-0.42107336109325894,0.7708504860359923,0.0
-0.5172910256858759,3.0,-0.014281324803976786,0.7513299270063245,-0.69086456719208,0.0
0.17458855382213725,3.0,0.8130576177701365,0.9874811164973928,-1.5029734287207814,0.0
-0.29257799986276056,3.0,-0.7639578989874367,-0.09911806370506461,-0.17860903157390853,0.0
1.7682769869623898,3.0,0.16649512099593844,1.6426073463188786,-1.2804114157322588,0.0
0.9285598904654849,2.0,-0.32769339482575666,-0.09911806370506461,-1.4698247660004693,0.0
-0.31031850190142757,2.0,-1.1542453457506978,0.7057701984989854,-1.6206119293960024,0.0
-0.12995673117497966,3.0,-0.4098138511382786,0.8722988458152754,-1.0494056914234917,0.0
-1.0110683324287741,2.0,0.11508674465040881,0.7621123671118154,-0.7352300565208284,0.0
0.7866358741561489,3.0,0.11247994195502387,-2.5942717589653026,-1.5088917129800596,0.0
0.3017288184325841,3.0,0.21904671636865292,-0.7058800005831886,1.5141957512388189,0.0
1.709141980166833,3.0,-0.832664457381419,0.5045481516815371,1.4307072037614694,0.0
-0.9844575793707737,3.0,0.5359682603474456,1.5437360902880437,1.127585755200019,0.0
-0.5409450284040986,2.0,0.4253105282105773,0.020527488025257782,-1.3464414080387634,0.0
1.7327959828850559,3.0,0.3527210571106588,1.4114257218165245,-0.5814351462295378,0.0
1.0675271564350433,3.0,1.5967460551515262,-1.4271837450490144,1.6276155704427253,0.0
-1.6881641602378983,3.0,-1.1542453457506978,0.7057701984989854,-1.6206119293960024,0.0
1.5465207114790522,2.0,-1.8932328700298189,-0.9040063259091147,-0.7923750514444717,0.0
1.1266621632305998,1.0,-1.5648247931040913,-0.09911806370506461,0.07842157149593915,0.0
-1.7325154153345657,3.0,-0.09413632584897647,-0.09911806370506464,1.2344127104319564,0.0
-0.27188074748431573,2.0,0.36882212316963264,0.5045481516815371,1.3846165059065556,0.0
0.16867505314258158,1.0,2.0372112309546013,1.1002451837724807,-1.2830263198538892,0.0
1.0054353992997087,2.0,-0.27513247376999894,0.6272444924495395,-0.3895489367888424,0.0
-1.2239543568927782,3.0,-0.6858841034036987,-0.7752242369275397,0.6395495016397486,0.0
1.1828404196863787,2.0,-1.2871313234195545,0.5850369479282393,0.8016170861473889,0.0
-1.7384289160141215,2.0,1.1311042779796183,-0.8677203861114706,-0.753760896961926,0.0
-1.3215271181054469,2.0,-0.3177113482671346,-0.012103111882948988,-0.9110430596593859,0.0
-2.12280646018524,2.0,-0.7071318493633671,0.6413791165410694,-0.27235301399726447,0.0
1.83628224477728,3.0,0.04070866239975325,1.1429078040364256,-1.3973423122129787,0.0
1.088224408813488,1.0,0.4051538871669695,0.515425008950824,-1.132316573447009,0.0
1.7505364849237228,3.0,-0.2783697200675874,-1.1052284101936916,-0.3569767399742663,0.0
1.428250697887939,1.0,-0.5763139104805509,1.0110726686226792,-0.5966890427275635,0.0
0.9876948972610416,3.0,-0.062345895208909013,0.3838149011107911,-0.535344448374624,0.0
-0.005773216904310636,2.0,0.3779659553935434,-1.1810990456497914,-0.3088919133646636,0.0
1.2064944224046013,3.0,-0.38889140694594243,-2.111338756682318,-0.3569767399742663,0.0
0.1006697953276914,3.0,0.44968155513534985,-1.477351480755135,-1.012502535435821,0.0
-0.11812972981586833,3.0,1.7288514868639022,-0.9040063259091147,-0.7923750514444717,0.0
0.875338384349484,3.0,4.5354580385897485,-0.512942385480517,1.085026231666172,0.0
0.44956633542147584,2.0,0.31307675563939896,-1.7088945881131647,-0.6692602999833259,0.0
0.8073331265345938,1.0,0.34809743831477247,-0.30962731246420755,-1.5942334561517648,0.0
0.24555056197680528,3.0,-0.65666632700199,-0.726457434622805,1.5500942026505031,0.0
0.3105990694519176,2.0,-0.120570660147069,-0.09911806370506461,0.3925971694894302,0.0
0.26033431367569443,3.0,-1.173062654138417,-0.9040063259091147,-1.1664287316525657,0.0
1.6263529706530537,3.0,0.39613128882262105,-1.5435065900566374,-0.9814022764078925,0.0
2.0284710168628393,3.0,1.1197911273089693,-2.191827590396149,-1.394593427796325,0.0
0.9847381469212638,3.0,-1.031181369462353,0.7057701984989854,0.23270161594639954,0.0
1.3957264441503827,1.0,-0.905238019963205,1.1887031258477125,-1.3753745450219828,0.0
-1.0938573419425537,2.0,-1.5648247931040913,-1.7088945881131647,-1.6631716743848826,0.0
1.9811630114263938,3.0,1.1246465167569601,0.7057701984989854,-1.650281764228696,0.0
-1.4723213854341164,1.0,-1.1542453457506978,-0.9040063259091147,-0.7498153064555916,0.0
1.9279415053103928,3.0,0.3012666009195037,-0.40869047512717066,-1.1280686230021537,0.0
-1.8123476745085674,3.0,-0.4381426705181287,0.7057701984989854,0.07842157149593915,0.0
1.570174714197275,2.0,-1.6294622679872668,-0.9040063259091147,-1.1183439050429629,0.0
-0.24231324408653737,3.0,1.3227777844155761,-0.8074197404393693,-0.9018044724070139,0.0
0.9906516476008195,1.0,-0.2783697200675874,-0.3003401292560771,-1.2277733629146772,0.0
-0.3280590039400946,3.0,0.6086674453655201,0.544792531071324,-0.17860903157390853,0.0
0.14797780076413675,1.0,0.2846144967065917,-1.7460432460114295,-0.0102289451661992,0.0
0.07701579260946873,1.0,-0.7639578989874367,-0.42107336109325894,0.3354521745657868,0.0
0.46435008712036496,3.0,-1.1542453457506978,0.7676847032636837,-0.23575402649755187,0.0
-0.44928576787098573,3.0,-0.5763139104805509,0.4559773024588073,1.6243288824781972,0.0
0.5974038524103675,3.0,-0.12946955604869664,-0.21985130490902854,0.797871395717596,0.0
1.3484184387139373,2.0,-1.1542453457506978,0.7057701984989854,-1.6206119293960024,0.0
-0.5971232848598774,2.0,0.06225963020072527,0.538717910594913,0.7708504860359923,0.0
0.8132466272141494,3.0,1.0673445830128894,0.7057701984989854,1.7673767276500072,0.0
1.676617726429277,1.0,-1.9621794447625671,0.7057701984989854,0.7708504860359923,0.0
0.7807223734765932,3.0,0.5860869495850524,2.1735077147859974,1.3403615226393222,0.0
1.3425049380343816,1.0,-0.6732882598874091,-0.9040063259091147,-0.821525325087642,0.0
-0.02942721962253331,3.0,0.02711263937707478,-0.9040063259091147,-0.7923750514444717,0.0
-0.6562582916554341,3.0,-1.2384970634945975,-0.9040063259091147,0.94921819443635,0.0
1.924984754970615,3.0,1.0000309799522942,-0.5478610748252881,-0.41412173489790965,0.0
-0.03534072030208898,1.0,1.0523727474565354,-0.17651116656059113,-1.5433814427897523,0.0
1.4430344495868281,3.0,-0.9457520785206459,-1.151664270033651,-1.1775145860635112,0.0
0.19528580620058208,1.0,-0.65666632700199,-0.2600957123991618,0.3483421862221969,0.0
-0.5498152794234321,3.0,-0.3444649500670609,-0.9040063259091147,0.006518813166750505,0.0
1.3484184387139373,3.0,0.5274980715810124,-2.160284614394109,-1.1139090834593461,0.0
-2.0784552050885723,3.0,-1.2871313234195545,1.8326137955583581,-0.9399762335517773,0.0
0.02083753615368987,1.0,-0.38889140694594243,0.3033260673969604,1.3846165059065556,0.0
-0.2955347502025384,3.0,0.8149148001197211,-1.069962700304842,-0.12718805870905267,0.0
-0.020556968603199808,2.0,-1.4432292004678662,0.2228372336831297,-0.614007343044114,0.0
0.2071128075596934,3.0,-1.5251034861765258,1.349680793275374,-1.2277733629146772,0.0
1.605655718274609,2.0,-0.18996841622543373,-1.7524020171903119,1.753807439588746,0.0
-1.7354721656743437,2.0,0.07560481977801975,-1.2259616607644375,1.5803024408051194,0.0
0.9078626380870402,3.0,0.11508674465040881,0.8295992080283819,-0.49278462956739955,0.0
0.1272805483856919,3.0,0.31307675563939896,1.5478071186013,-0.9154898029056177,0.0
1.5021694563823849,3.0,-1.185805651447433,0.9472366996404774,1.127585755200019,0.0
1.5199099584210518,2.0,-1.173062654138417,-0.656348419251707,0.4524752147948608,0.0
1.4312074482277168,2.0,0.5840221336453577,-1.207023076392121,0.23699887704529116,0.0
-2.178984716641019,3.0,0.10463813965482863,0.6494280298861552,0.9301095778139038,0.0
-1.3451811208236695,2.0,-1.031181369462353,0.7057701984989854,1.1034982388868104,0.0
-0.9519333256332175,2.0,-0.7639578989874367,-1.7088945881131647,-0.535344448374624,0.0
1.7534932352635006,1.0,-0.15643737427382243,0.3916674867025871,-0.2956320718029825,0.0
-1.1796031017961108,2.0,-0.03674291812564304,-0.18613301552718026,-0.7310303832731879,0.0
0.4259123327032531,1.0,-0.056625137231463334,0.7057701984989854,-0.3861270136174365,0.0
0.08292929328902439,1.0,-0.832664457381419,1.5106584607030353,0.9817903912509262,0.0
1.8214984930783908,3.0,0.01890727258059032,0.9639419434177361,1.0898465695532373,0.0
-2.178984716641019,2.0,-1.1296817023283627,-1.0247395764798608,-0.9181046701180757,0.0
-2.045930951351016,1.0,-1.1296817023283627,-1.0247395764798608,-0.6666454327708677,0.0
-0.5971232848598774,3.0,-0.47063101882006564,-0.8266132511539346,-0.662795732293864,0.0
1.7120987305066109,3.0,-1.0822136327822045,-1.9906054311773151,-0.5888262079591309,0.0
-1.5935481493650077,3.0,0.11247994195502387,-0.529126873638887,1.6657347729263006,0.0
-0.5084207746665425,3.0,-0.5263334607798207,-0.9040063259091147,-0.08315231592458487,0.0
-1.8212179255279008,3.0,0.949938622055045,0.29963390668699913,-1.5107709157998646,0.0
1.1148351618714885,3.0,1.5635334578473625,0.04292104745062676,0.8134103048432167,0.0
-1.7118181629561209,2.0,0.2654120924661451,-0.16103254505280762,1.7665331316105986,0.0
0.014924035474134203,3.0,1.4029561672343405,-0.241157174860756,1.7013468091618469,0.0
1.5760882148768307,1.0,-0.09413632584897647,0.2228372336831297,1.2344127104319564,0.0
1.780103988321501,3.0,0.16649512099593844,1.378709575087192,0.5664579726928983,0.0
0.05336178989124605,3.0,0.11508674465040881,0.6494280298861552,0.0212765765722958,0.0
-2.0784552050885723,3.0,1.3741192352710307,-0.45421584627768413,-0.22116885038113307,0.0
1.6736609760894992,1.0,0.2654120924661451,-0.061969373023062393,0.024939738093088016,0.0
1.1532729162886004,3.0,1.092079585861144,-2.0999487496212264,-0.20775930521707875,0.0
-1.6467696554810085,3.0,0.01890727258059032,0.538717910594913,-1.5225432992679953,0.0
-2.119849709845462,1.0,-1.873271142618935,-1.1052284101936916,0.5138198829661446,0.0
0.6033173530899232,3.0,0.3779659553935434,0.982862918239662,0.5619047095757473,0.0
0.4732203381396985,1.0,0.5083143187066522,0.7057701984989854,-1.319326232331405,0.0
0.712717115661703,3.0,0.3341618507154014,-0.09911806370506461,1.7854120255453794,0.0
-1.850785428925679,1.0,-0.3580063904154568,0.5282213072126757,0.6165705892222206,0.0
0.6003606027501454,2.0,-1.0822136327822045,-1.2662060776213528,0.2819703411629357,0.0
-1.9306176880996806,3.0,0.8572034813033342,-0.6218805343969326,0.2657298624924655,0.0
1.6115692189541646,3.0,-0.03674291812564304,-0.9603484945219448,0.017076903324655328,0.0
1.6263529706530537,2.0,-0.014281324803976786,-0.9603484945219448,-0.8938855356968635,0.0
2.031427767202617,3.0,1.0456867812841129,0.27236881501461124,-0.24387596365470737,0.0
-1.3008298657270019,2.0,-1.9621794447625671,0.7057701984989854,-0.9707427598448295,0.0
-1.336310869804336,3.0,-0.3343815552765423,-0.9040063259091147,-0.22116885038113307,0.0
1.7771472379817232,3.0,-0.7955760787759993,0.06185958498903254,0.37801199337301133,0.0
1.9722927604070604,3.0,0.04881926379943052,1.1082143670681388,-0.3569767399742663,0.0
-1.2003003541745556,2.0,2.3149980946119686,0.6590132453678629,-0.6368548588086714,0.0
-0.8514038140807711,3.0,-0.7639578989874367,-0.42107336109325894,-0.535344448374624,0.0
-0.3457995059787616,2.0,0.15887055225369195,-0.5609392008276448,-0.3305981975253308,0.0
0.9433436421643742,1.0,1.7940555655631543,-0.05125984394961387,0.4246984052669545,0.0
0.45252308576125366,1.0,0.849906957176374,0.21741101933237417,0.3925971694894302,0.0
0.09179954430835789,2.0,0.21904671636865292,0.27236881501461124,0.38424048999719246,0.0
1.676617726429277,3.0,1.0904390884999176,1.5605188160870205,1.3477132391913684,0.0
0.5796633503717005,3.0,1.1423617488368032,-0.28486150306490254,0.4043903881852581,0.0
-0.4197182644732074,2.0,0.16649512099593844,0.42867751622543726,-0.3043386502475125,0.0
0.023794286493467705,1.0,0.16649512099593844,1.378709575087192,-1.2804114157322588,0.0
0.6506253585263685,3.0,0.493271169103497,-0.7809057522918291,1.096819450362,0.0
1.570174714197275,1.0,-0.832664457381419,0.1021040018459479,-0.3108860421193525,0.0
1.3425049380343816,1.0,1.7647515265932956,-0.4994877523039598,-0.9974384997195034,0.0
0.6447118578468128,1.0,0.6888241596854485,-0.032833144853515905,0.5563797017733692,0.0
-1.460494384075005,3.0,-0.4098138511382786,0.6438556937342871,1.0489228605305292,0.0
0.4761770884794763,3.0,0.04881926379943052,-0.4706049424247405,-1.2277733629146772,0.0
1.5080829570619405,3.0,-0.20232275197938246,-0.09911806370506461,0.9713811188752621,0.0
1.694358228467944,3.0,-1.2317512346655812,-1.185717243907522,-1.0288829736872083,0.0
1.5820017155563864,3.0,-0.14140464749289203,-1.0217948849832836,-0.44852957248182196,0.0
1.7180122311861667,1.0,0.20666193500241592,0.9639419434177361,0.7823981849184606,0.0
0.5146148428965882,3.0,1.7400510836292598,0.7939461629651983,-0.6746099153994917,0.0
1.30406718361727,1.0,-1.2384970634945975,-0.9040063259091147,0.07842157149593915,0.0
1.65887722439061,3.0,-0.059483321941823056,0.906992282783562,1.3846165059065556,0.0
0.4732203381396985,3.0,0.2654120924661451,-0.2310669586876901,-1.2529544979996603,0.0
-1.4486673827158938,3.0,-0.04807773729512776,0.7057701984989854,-0.812897732271583,0.0
-1.052462837185664,2.0,1.0119566085710485,-0.6786376139906658,1.308631740770645,0.0
-0.9194090718956613,3.0,-0.056625137231463334,0.3033260673969604,1.4137667795497257,0.0
1.0763974074543767,2.0,-0.49637525257295734,-0.5015621948070896,1.4215197726217426,0.0
-0.06490822369986732,1.0,0.016164150341896635,0.14234841870286324,1.6164660477097643,0.0
0.7600251210981483,3.0,0.11508674465040881,-0.21707582433149633,0.7347472625370381,0.0
1.4223371972083831,3.0,-1.3851825149331132,1.5106584607030353,-1.5537422257404614,0.0
-1.6526831561605642,3.0,1.341980462940818,0.09476012619123075,-0.09235259145623119,0.0
-0.18022148695120285,1.0,-0.49637525257295734,0.5769881095174104,-1.2646765189023477,0.0
0.1184102973663584,2.0,-1.2317512346655812,2.27530230605017,-1.0288829736872083,0.0
-1.1027275929618872,3.0,-0.03674291812564304,-0.7349798200706245,1.758670296842166,0.0
0.22485330959836042,3.0,-0.6858841034036987,0.19064171143773595,-0.2312471213006623,0.0
0.8487276312914834,3.0,-1.4784809680833557,-0.09911806370506461,0.017076903324655328,0.0
-1.1322950963596654,3.0,-0.04807773729512776,-3.318671112521265,-0.7718523706173606,0.0
0.5146148428965882,3.0,-0.30449452397408255,2.1143246386225085,-1.0598642006348473,0.0
0.00014028377524503188,2.0,0.3711121269263423,1.1807861717291699,1.4087043174931415,0.0
1.30406718361727,2.0,-0.8757050903315935,-0.5252353878053566,-0.9281830148559493,0.0
-1.9572284411576812,2.0,-0.22729898830518266,1.238416909825043,0.6419288145153365,0.0
-1.463451134414783,1.0,-0.6858841034036987,-0.42107336109325894,-1.3535030184974535,0.0
1.209451172744379,3.0,0.9446921024888283,-0.16103254505280762,0.866678655594163,0.0
1.1266621632305998,3.0,-1.596296367669518,-0.09911806370506461,-0.5679166451892002,0.0
-0.5202477760256538,3.0,-0.6199578328381853,-0.7430286584814533,-1.431322187945432,0.0
-1.977925693536126,1.0,0.11247994195502387,0.5235313594038856,1.6657347729263006,0.0
1.088224408813488,3.0,1.9862812072922316,-0.5820510285209203,-1.1293200284850093,0.0
1.570174714197275,1.0,-1.338533939784381,0.7057701984989854,1.1601582472879726,0.0
0.1184102973663584,2.0,-0.3750922760322778,-0.3405845461129925,1.096819450362,0.0
1.4105101958492718,3.0,0.9147270371620801,-0.17651116656059113,-0.9181046701180757,0.0
-1.3954458765998927,2.0,-0.014281324803976786,-0.7349798200706245,0.847707636365614,0.0
0.9137761387665958,1.0,-1.2871313234195545,-0.7832730753383687,-1.5155705015048702,0.0
1.265629429200158,2.0,2.3421308951415214,-2.7258817918710783,-0.2550046696145573,0.0
1.0941379094930437,2.0,0.05151507191091947,1.711880619921869,1.4123116723455935,0.0
0.5589660979932557,2.0,-0.5959916502714081,-0.1957046585415922,1.4632794005760454,0.0
-0.11812972981586833,2.0,0.01890727258059032,-1.071058613813187,-0.933003426561359,0.0
1.4548614509459394,2.0,-0.9509131583730986,0.906992282783562,0.5138198829661446,0.0
-2.261773726154798,3.0,1.1246465167569601,-0.9040063259091147,1.8071249533570395,0.0
0.5057445918772546,3.0,-1.8028523613897316,0.7057701984989854,1.7105853225958745,0.0
-2.2972547302321322,3.0,1.7400510836292598,0.8889048766362914,-0.6746099153994917,0.0
1.123705412890822,2.0,-1.4013377522391763,-0.09911806370506461,0.07842157149593915,0.0
-1.08498709092322,2.0,-0.9509131583730986,-0.7027842790916664,-0.3569767399742663,0.0
0.7748088727970376,3.0,1.8277920468265125,0.7886263552593555,1.5026623731151574,0.0
0.8339438795925943,2.0,0.07560481977801975,-0.5091554704026033,1.702991777147687,0.0
-1.889223183342791,1.0,0.44968155513534985,1.0144944665334534,1.1693456784276994,0.0
-0.09743247743742349,3.0,1.3770192484126873,1.0610312628175662,-0.37377056095410005,0.0
-0.7627013038874362,1.0,-0.28161327491546984,-0.09911806370506461,0.07842157149593915,0.0
-1.2003003541745556,3.0,-0.07384158241088987,-0.09911806370506461,0.8234884281260573,0.0
0.8723816340097061,2.0,0.47376897158168935,-0.09911806370506461,-0.3569767399742663,0.0
-0.5291180270449872,3.0,0.3504104819942949,-1.5195091939955427,1.6633758339137574,0.0
-1.5284996418898953,1.0,0.04881926379943052,0.6735746949871558,-0.7137120829566375,0.0
1.5613044631779414,2.0,-1.7570147778097682,-0.9040063259091147,-1.2277733629146772,0.0
-0.3635400080174286,2.0,-1.8932328700298189,-0.9040063259091147,-0.7923750514444717,0.0
0.6358416068274794,2.0,-0.27513247376999894,-0.0009609592436035504,1.3520443090919794,0.0
-0.2216159917080925,1.0,3.753896679796607,0.2550327746620877,-1.5561951539599677,0.0
-0.765658054227214,3.0,-0.03674291812564304,-0.14262553961612243,0.017076903324655328,0.0
-0.9401063242741062,1.0,0.849906957176374,-0.13099482732973938,1.7774549985695365,0.0
0.2573775633359166,3.0,0.6410906510285519,2.315546797841342,-0.7310303832731879,0.0
1.280413180899047,3.0,-0.9930313715563771,-0.09911806370506461,-0.8292781705229701,0.0
-1.7443424166936772,1.0,0.25816301960878735,-0.2885035327569436,0.8047490508621271,0.0
1.4193804468686053,3.0,-0.8279702102507198,-0.09911806370506461,-0.12046881773152987,0.0
