Tipo,Fecha,Modelo,LAT,LOG
Deslizamiento,2018,1.000000000000000,6.842690670300000,-75.446089810700002
Deslizamiento,2018,1.000000000000000,6.837641850020000,-75.448835874400004
Deslizamiento,2018,1.000000000000000,6.839526073380000,-75.437203073500001
Deslizamiento,2023,1.000000000000000,6.839484603010000,-75.436640783000001
Deslizamiento,2018,1.000000000000000,6.840133583800000,-75.352728048299994
Deslizamiento,2018,1.000000000000000,6.839758001020000,-75.352869612800006
Deslizamiento,2018,1.000000000000000,6.839878867410000,-75.353359098499993
Deslizamiento,2018,1.000000000000000,6.839301371570000,-75.353998847599996
Deslizamiento,2018,1.000000000000000,6.841216756810000,-75.357726245300000
Deslizamiento,2018,1.000000000000000,6.839739403250000,-75.360340331600000
Deslizamiento,2018,1.000000000000000,6.842918493760000,-75.360692224299996
Deslizamiento,2018,1.000000000000000,6.842410969020000,-75.361290035699994
Deslizamiento,2018,1.000000000000000,6.840925187670000,-75.359824931500000
Deslizamiento,2018,1.000000000000000,6.842646103910000,-75.358597564500002
Deslizamiento,2018,1.000000000000000,6.842855918760000,-75.358099007299998
Deslizamiento,2018,1.000000000000000,6.840718781050000,-75.356765902099994
Deslizamiento,2018,1.000000000000000,6.842941199920000,-75.356692270400004
Deslizamiento,2018,1.000000000000000,6.842363344500000,-75.356554336499997
Deslizamiento,2018,1.000000000000000,6.840276255770000,-75.359447901400003
Deslizamiento,2018,1.000000000000000,6.840913962630000,-75.359553478999999
Deslizamiento,2018,1.000000000000000,6.840835324070000,-75.359350196099996
Deslizamiento,2018,1.000000000000000,6.840626539440000,-75.359248169799997
Deslizamiento,2018,1.000000000000000,6.839639809500000,-75.359112503999995
Deslizamiento,2018,1.000000000000000,6.839131121580000,-75.359146765000006
Deslizamiento,2018,1.000000000000000,6.838198864140000,-75.359732091599994
Deslizamiento,2018,1.000000000000000,6.836190749090000,-75.355544451399993
Deslizamiento,2018,1.000000000000000,6.835978433570000,-75.354205741200005
Deslizamiento,2018,1.000000000000000,6.837990094790000,-75.350557777999995
Deslizamiento,2018,1.000000000000000,6.836833035170000,-75.350031519500007
Deslizamiento,2018,1.000000000000000,6.837501282870000,-75.350680697900003
Deslizamiento,2018,1.000000000000000,6.837537728310000,-75.351146657000001
Deslizamiento,2018,1.000000000000000,6.837521117190000,-75.351295344700006
Deslizamiento,2018,1.000000000000000,6.837731202460000,-75.352106020199997
Deslizamiento,2018,1.000000000000000,6.837525764590000,-75.352405186200002
Deslizamiento,2018,1.000000000000000,6.837435019200000,-75.352724960299994
Deslizamiento,2016,1.000000000000000,6.835498805030000,-75.352427700999996
Deslizamiento,2018,1.000000000000000,6.836293733410000,-75.353076806299995
Deslizamiento,2018,1.000000000000000,6.835810765760000,-75.352484928899997
Deslizamiento,2018,1.000000000000000,6.836034820890000,-75.352755944500004
Deslizamiento,2018,1.000000000000000,6.836069850460000,-75.353611766100002
Deslizamiento,2018,1.000000000000000,6.839295233730000,-75.350345073000000
Deslizamiento,2018,1.000000000000000,6.841448035660000,-75.351432789100002
Deslizamiento,2018,1.000000000000000,6.841502037030000,-75.351686344699999
Deslizamiento,2018,1.000000000000000,6.841299836120000,-75.351470488299995
Deslizamiento,2018,1.000000000000000,6.841125172520000,-75.351223387800005
Deslizamiento,2018,1.000000000000000,6.841029513060000,-75.351092640600001
Deslizamiento,2018,1.000000000000000,6.845779768010000,-75.355432759099997
Deslizamiento,2018,1.000000000000000,6.838221055350000,-75.355195539799993
Deslizamiento,2018,1.000000000000000,6.842140456390000,-75.353330641400007
Deslizamiento,2018,1.000000000000000,6.841927629910000,-75.352935398599996
Deslizamiento,2000,1.000000000000000,6.847902794060000,-75.355180644100002
Deslizamiento,2018,1.000000000000000,6.851174716970000,-75.351215363500003
Deslizamiento,2016,1.000000000000000,6.850706814760000,-75.351083427999995
Deslizamiento,2018,1.000000000000000,6.850479111970000,-75.351979604999997
Deslizamiento,2018,1.000000000000000,6.848705575040000,-75.354789592600000
Deslizamiento,2018,1.000000000000000,6.848948721260000,-75.354254267900004
Deslizamiento,2018,1.000000000000000,6.848375793930000,-75.349664074800003
Deslizamiento,2018,1.000000000000000,6.847033957420000,-75.350972554199998
Deslizamiento,2018,1.000000000000000,6.845704512610000,-75.353216345000007
Deslizamiento,2018,1.000000000000000,6.846493902240000,-75.360197541800005
Deslizamiento,2018,1.000000000000000,6.846930553030000,-75.360723387700006
Deslizamiento,2018,1.000000000000000,6.842707256170000,-75.369037828299994
Deslizamiento,2018,1.000000000000000,6.842954536580000,-75.367327950000004
Deslizamiento,2018,1.000000000000000,6.845515516710000,-75.367312775200006
Deslizamiento,2010,1.000000000000000,6.920394696070000,-75.318527148200005
Deslizamiento,2010,1.000000000000000,6.919261469570000,-75.319365151800000
Deslizamiento,2008,1.000000000000000,6.916861765090000,-75.325630857400000
Deslizamiento,1990,1.000000000000000,6.959147815600000,-75.470263487099999
Deslizamiento,2012,1.000000000000000,6.867041916230000,-75.396395341900003
Deslizamiento,2012,1.000000000000000,6.928550315230000,-75.323521368300007
Deslizamiento,2018,1.000000000000000,6.932870482700000,-75.326712811299998
Deslizamiento,2000,1.000000000000000,6.949712747890000,-75.336103497200000
Deslizamiento,2000,1.000000000000000,6.949670086840000,-75.336642121400004
Deslizamiento,2000,1.000000000000000,6.949238554810000,-75.341785078200004
Deslizamiento,2000,1.000000000000000,6.956131175530000,-75.341512581700002
Deslizamiento,2000,1.000000000000000,6.850701015460000,-75.345660328899996
Deslizamiento,2000,1.000000000000000,6.831769759140000,-75.347859043200003
Flujo,54-08-03,1.000000000000000,6.952894000000000,-75.394644000000000
Deslizamiento,21/03/1999,1.000000000000000,6.860061000000000,-75.338977999999997
Deslizamiento,21/03/2009,1.000000000000000,6.869540000000000,-75.366622000000007
Deslizamiento,21/03/2009,1.000000000000000,6.874236000000000,-75.315218999999999
Deslizamiento,21/03/2009,1.000000000000000,6.887533000000000,-75.325480999999996
Deslizamiento,13-08-03,1.000000000000000,6.947864000000000,-75.420535999999998
Deslizamiento,74-07-03,1.000000000000000,6.948414000000000,-75.424428000000006
Deslizamiento,13-08-03,1.000000000000000,6.948783000000000,-75.420699999999997
Deslizamiento,13-07-03,1.000000000000000,6.956667000000000,-75.421666999999999
Landslide,1956-11-25,1.000000000000000,6.970000000000000,-75.400000000000006
Landslide,2003-08-13,1.000000000000000,6.950000000000000,-75.409999999999997
Landslide,1981-06-16,1.000000000000000,6.970000000000000,-75.409999999999997
Landslide,1973-08-29,1.000000000000000,6.961389000000000,-75.416111000000001
Landslide,2002-10-21,1.000000000000000,6.961969000000000,-75.419068999999993
Landslide,2003-08-14,1.000000000000000,6.961969000000000,-75.419068999999993
Landslide,2007-05-15,1.000000000000000,6.961969000000000,-75.419068999999993
Landslide,1972-05-09,1.000000000000000,6.950000000000000,-75.390000000000001
Landslide,1979-04-04,1.000000000000000,6.950000000000000,-75.400000000000006
Landslide,1998-09-19,1.000000000000000,6.960000000000000,-75.390000000000001
Landslide,1972-04-30,1.000000000000000,6.970000000000000,-75.379999999999995
Debris Flow,1979-06-01,1.000000000000000,6.980000000000000,-75.379999999999995
Landslide,2022-07-01,1.000000000000000,6.834000000000000,-75.465999999999994
Landslide,2017-10-31,1.000000000000000,6.814635000000000,-75.485598999999993
Landslide,2003-08-14,1.000000000000000,6.950000000230000,-75.409999999999997
Landslide,1972-05-10,1.000000000000000,6.950000000230000,-75.390000000000001
Landslide,1979-04-05,1.000000000000000,6.950000000230000,-75.400000000000006
Landslide,1998-09-20,1.000000000000000,6.960000000230000,-75.390000000000001
Landslide,1981-06-17,1.000000000000000,6.970000000230000,-75.409999999999997
Landslide,1956-11-26,1.000000000000000,6.970000000230000,-75.400000000000006
Landslide,1980-10-19,1.000000000000000,6.970000000230000,-75.400000000000006
Landslide,1980-10-21,1.000000000000000,6.960000000230000,-75.420000000000002
Landslide,1994-11-07,1.000000000000000,6.960000000230000,-75.420000000000002
Landslide,1988-07-10,1.000000000000000,6.960000000230000,-75.420000000000002
Landslide,1972-05-01,1.000000000000000,6.970000000230000,-75.379999999999995
Debris Flow,1979-06-02,1.000000000000000,6.980000000230000,-75.379999999999995
Landslide,2006-03-05,1.000000000000000,6.844125000220000,-75.364536999999999
Landslide,2003-10-28,1.000000000000000,6.844125000220000,-75.364536999999999
Deslizamiento,01/2024,1.000000000000000,6.919367914950000,-75.387512081099999
Deslizamiento,01/2023,1.000000000000000,6.919530644000000,-75.387577609100006
Deslizamiento,16/08/2018,1.000000000000000,6.793991430220000,-75.399299959000004
Deslizamiento,16/08/2018,1.000000000000000,6.793773919220000,-75.401338230999997
Deslizamiento,16/08/2018,1.000000000000000,6.795541753220000,-75.401844612000005
Deslizamiento,16/08/2018,1.000000000000000,6.798220607220000,-75.399474280999996
Deslizamiento,16/08/2018,1.000000000000000,6.800642962220000,-75.402590024999995
Deslizamiento,16/08/2018,1.000000000000000,6.850794133220000,-75.394063091000007
Deslizamiento,16/08/2018,1.000000000000000,6.849886984220000,-75.394872797999994
Deslizamiento,16/08/2018,1.000000000000000,6.824316517220000,-75.392165750000004
Deslizamiento,16/08/2018,1.000000000000000,6.901793063230000,-75.443377327999997
Deslizamiento,16/08/2018,1.000000000000000,6.909967493230000,-75.444061619999999
Deslizamiento,16/08/2018,1.000000000000000,6.911319987230000,-75.442660247999996
Deslizamiento,16/08/2018,1.000000000000000,6.919856835230000,-75.438355658000006
Deslizamiento,09/12/2023,1.000000000000000,6.850730236220000,-75.345613916999994
Deslizamiento,09/2012,1.000000000000000,6.876853497220000,-75.351842374000000
Deslizamiento,12/2023,1.000000000000000,6.897199835230000,-75.373631056999997
Deslizamiento,12/2023,1.000000000000000,6.901076643230000,-75.373786519999996
Deslizamiento,08/2018,1.000000000000000,6.894043067230000,-75.372898204999998
Deslizamiento,08/2018,1.000000000000000,6.901162670230000,-75.377395457999995
Deslizamiento,09/2012,1.000000000000000,6.907564670230000,-75.372497135000003
Deslizamiento,08/2018,1.000000000000000,6.904194567230000,-75.375298697000005
Deslizamiento,08/2018,1.000000000000000,6.905289206230000,-75.380173056999993
Deslizamiento,12/2023,1.000000000000000,6.903688593230000,-75.375962701000006
Deslizamiento,12/2023,1.000000000000000,6.900783350230000,-75.375181416999993
Deslizamiento,12/2023,1.000000000000000,6.898652562230000,-75.382876605000007
Deslizamiento,12/2023,1.000000000000000,6.898975208230000,-75.379721339000000
Deslizamiento,12/2023,1.000000000000000,6.898965744230000,-75.375686642000005
Deslizamiento,08/2018,1.000000000000000,6.907494508230000,-75.382955994000000
Deslizamiento,08/2018,1.000000000000000,6.910162623230000,-75.382725214999994
Deslizamiento,09/2012,1.000000000000000,6.918012747230000,-75.386940142000000
Deslizamiento,09/2012,1.000000000000000,6.914447798230000,-75.376099565000004
Deslizamiento,09/2012,1.000000000000000,6.915710447230000,-75.373698464000000
Deslizamiento,09/2012,1.000000000000000,6.915628346230000,-75.372689149999999
Deslizamiento,09/2012,1.000000000000000,6.915496042230000,-75.373096551000003
Deslizamiento,08/2018,1.000000000000000,6.916486395230000,-75.377884404000000
Deslizamiento,01/2023,1.000000000000000,6.915680633180000,-75.372660794799998
Deslizamiento,12/2023,1.000000000000000,6.913739318230000,-75.376780714000006
Deslizamiento,12/2023,1.000000000000000,6.908921533230000,-75.374211286000005
Deslizamiento,12/2023,1.000000000000000,6.909600589230000,-75.373707836999998
Deslizamiento,12/2023,1.000000000000000,6.914587770230000,-75.378303517999996
Deslizamiento,01/2024,1.000000000000000,6.919538351950000,-75.387293631999995
Deslizamiento,01/2023,1.000000000000000,6.918296457750000,-75.382653381699996
Deslizamiento,01/2023,1.000000000000000,6.918789145740000,-75.392372485899998
Deslizamiento,01/2023,1.000000000000000,6.919236922830000,-75.392296351799999
Deslizamiento,09/2012,1.000000000000000,6.880588677220000,-75.348575120000007
Deslizamiento,09/2012,1.000000000000000,6.898994943230000,-75.368419036000006
Deslizamiento,09/2012,1.000000000000000,6.894722403230000,-75.361194084999994
Deslizamiento,12/2012,1.000000000000000,6.895332958230000,-75.367686285999994
Deslizamiento,01/2023,1.000000000000000,6.794106513850000,-75.388436528200003
Deslizamiento,01/2023,1.000000000000000,6.793948827800000,-75.388417891200007
Deslizamiento,08/2018,1.000000000000000,6.815569206220000,-75.379818267000005
Deslizamiento,08/2018,1.000000000000000,6.815551077220000,-75.380028353000000
Deslizamiento,08/2018,1.000000000000000,6.834542085220000,-75.380210625000004
Deslizamiento,08/2018,1.000000000000000,6.835180787220000,-75.380198376999999
Deslizamiento,08/2018,1.000000000000000,6.835425120220000,-75.380095623000003
Deslizamiento,08/2018,1.000000000000000,6.833973743220000,-75.378822181999993
Deslizamiento,08/2018,1.000000000000000,6.838461117220000,-75.377267369999998
Deslizamiento,08/2018,1.000000000000000,6.841800828220000,-75.375902431000000
Deslizamiento,08/2018,1.000000000000000,6.841777783220000,-75.375737233999999
Deslizamiento,08/2018,1.000000000000000,6.839704310220000,-75.376766297000003
Deslizamiento,08/2018,1.000000000000000,6.840467663220000,-75.372384820999997
Deslizamiento,08/2018,1.000000000000000,6.840340160220000,-75.372821392000006
Deslizamiento,08/2018,1.000000000000000,6.840778453220000,-75.372370855000000
Deslizamiento,08/2018,1.000000000000000,6.841020653220000,-75.372370426000003
Deslizamiento,08/2018,1.000000000000000,6.841105871220000,-75.372292056000006
Deslizamiento,08/2018,1.000000000000000,6.839747102220000,-75.371906030999995
Deslizamiento,08/2018,1.000000000000000,6.839555796220000,-75.368371757999995
Deslizamiento,08/2018,1.000000000000000,6.841073343220000,-75.366003616000000
Deslizamiento,08/2018,1.000000000000000,6.843123572220000,-75.367047481000000
Deslizamiento,08/2018,1.000000000000000,6.843143996220000,-75.367267188000000
Deslizamiento,08/2018,1.000000000000000,6.842794619220000,-75.369024861000000
Deslizamiento,08/2018,1.000000000000000,6.842926921220000,-75.371765365000002
Deslizamiento,08/2018,1.000000000000000,6.842695251220000,-75.372501412999995
Deslizamiento,08/2018,1.000000000000000,6.842498401220000,-75.371446368999997
Deslizamiento,08/2018,1.000000000000000,6.851008030220000,-75.380675756000002
Deslizamiento,08/2018,1.000000000000000,6.850813579220000,-75.380367407999998
Deslizamiento,08/2018,1.000000000000000,6.859439490220000,-75.376386574999998
Deslizamiento,08/2018,1.000000000000000,6.861263870220000,-75.373515124999997
Deslizamiento,08/2018,1.000000000000000,6.860989324220000,-75.373630462999998
Deslizamiento,08/2018,1.000000000000000,6.860790881220000,-75.373554337000002
Deslizamiento,08/2018,1.000000000000000,6.861197676220000,-75.372895823999997
Deslizamiento,08/2018,1.000000000000000,6.861498566220000,-75.372377280999999
Deslizamiento,08/2018,1.000000000000000,6.861764807220000,-75.371821423000000
Deslizamiento,08/2018,1.000000000000000,6.866200322220000,-75.385041924000006
Deslizamiento,08/2018,1.000000000000000,6.868373385220000,-75.363096580000004
Deslizamiento,08/2018,1.000000000000000,6.868790378220000,-75.362981012000006
Deslizamiento,08/2018,1.000000000000000,6.869792463220000,-75.364003322000002
Deslizamiento,08/2018,1.000000000000000,6.871992933220000,-75.363656629000005
Deslizamiento,08/2018,1.000000000000000,6.874015288220000,-75.362021286000001
Deslizamiento,08/2018,1.000000000000000,6.873833405220000,-75.362634615000005
Deslizamiento,08/2018,1.000000000000000,6.870976992220000,-75.363424253999995
Deslizamiento,08/2018,1.000000000000000,6.871515776220000,-75.363964789999997
Deslizamiento,08/2018,1.000000000000000,6.872667375220000,-75.360929232999993
Deslizamiento,08/2018,1.000000000000000,6.848329106220000,-75.370010672999996
Deslizamiento,08/2018,1.000000000000000,6.848485162220000,-75.371119136999994
Deslizamiento,08/2018,1.000000000000000,6.848656631220000,-75.370555558999996
Deslizamiento,08/2018,1.000000000000000,6.850676870220000,-75.370117660000005
Deslizamiento,08/2018,1.000000000000000,6.853772535220000,-75.364756881999995
Deslizamiento,08/2018,1.000000000000000,6.853782826220000,-75.365342877000003
Deslizamiento,08/2018,1.000000000000000,6.834622245220000,-75.361214048999997
Deslizamiento,07/2016,1.000000000000000,6.831853360220000,-75.348317842000000
Deslizamiento,08/2016,1.000000000000000,6.852178975220000,-75.357924252999993
Deslizamiento,08/2018,1.000000000000000,6.837090846220000,-75.346849435999999
Deslizamiento,08/2018,1.000000000000000,6.850890497220000,-75.345418201000001
Deslizamiento,08/2018,1.000000000000000,6.851606722220000,-75.345187870000004
Deslizamiento,08/2018,1.000000000000000,6.851920744220000,-75.344041357999998
Deslizamiento,07/2016,1.000000000000000,6.834864390220000,-75.346330523999995
Deslizamiento,09/2012,1.000000000000000,6.915954208230000,-75.398822269999997
Deslizamiento,08/2018,1.000000000000000,6.900918213230000,-75.456345698999996
Deslizamiento,08/2018,1.000000000000000,6.900694799230000,-75.438371313999994
Deslizamiento,08/2018,1.000000000000000,6.882237871220000,-75.412582671999999
Deslizamiento,01/2024,1.000000000000000,6.883746059340000,-75.415287268399993
Deslizamiento,01/2024,1.000000000000000,6.905253570170000,-75.401864723700001
Deslizamiento,09/2012,1.000000000000000,6.873547257220000,-75.570410773999996
Deslizamiento,09/2012,1.000000000000000,6.873452534220000,-75.569390713999994
Deslizamiento,11/2016,1.000000000000000,6.880340138220000,-75.567891583000005
Deslizamiento,11/2021,1.000000000000000,6.854444619220000,-75.521313824000003
Deslizamiento,11/2021,1.000000000000000,6.854314975220000,-75.521021762000004
Deslizamiento,08/2018,1.000000000000000,6.856677889220000,-75.484713396000004
Deslizamiento,08/2018,1.000000000000000,6.878165654220000,-75.427185687000005
Deslizamiento,01/2023,1.000000000000000,6.880234588580000,-75.415937321300007
Deslizamiento,12/1985,1.000000000000000,6.878736593220000,-75.412737957000004
Deslizamiento,08/2018,1.000000000000000,6.870785613220000,-75.395847930000002
Deslizamiento,08/2018,1.000000000000000,6.839945280220000,-75.458255205000000
Deslizamiento,08/2018,1.000000000000000,6.840420639220000,-75.458283527999995
Deslizamiento,08/2018,1.000000000000000,6.840931424220000,-75.458958115000001
Deslizamiento,08/2018,1.000000000000000,6.846202145220000,-75.457660161999996
Deslizamiento,08/2018,1.000000000000000,6.848657073220000,-75.453114228999993
Deslizamiento,08/2018,1.000000000000000,6.839607029220000,-75.439506739999999
Deslizamiento,08/2018,1.000000000000000,6.844287867220000,-75.441926963000000
Deslizamiento,08/2018,1.000000000000000,6.845884336220000,-75.441508235000001
Deslizamiento,01/2023,1.000000000000000,6.840740588430000,-75.451881154099993
Deslizamiento,11/2016,1.000000000000000,6.827702077220000,-75.535620159000004
Deslizamiento,06/2017,1.000000000000000,6.848598456220000,-75.560167426999996
Deslizamiento,06/2017,1.000000000000000,6.861133507220000,-75.530023524000001
Deslizamiento,06/2017,1.000000000000000,6.779198851220000,-75.467243336999999
Deslizamiento,06/2017,1.000000000000000,6.818829735220000,-75.416911166000006
Deslizamiento,11/2016,1.000000000000000,6.833041234220000,-75.537974890000001
Deslizamiento,01/2024,1.000000000000000,6.823042487250000,-75.394674384900000
Deslizamiento,08/2018,1.000000000000000,6.844013879220000,-75.367068109000002
Deslizamiento,08/2018,1.000000000000000,6.845221056220000,-75.367666588000006
Deslizamiento,08/2018,1.000000000000000,6.835947949220000,-75.379715367000003
Deslizamiento,08/2018,1.000000000000000,6.849324598220000,-75.370150202999994
Deslizamiento,08/2018,1.000000000000000,6.849697386220000,-75.371040066000006
Deslizamiento,08/2018,1.000000000000000,6.849543070220000,-75.370222904000002
Deslizamiento,08/2018,1.000000000000000,6.842432286220000,-75.361168089000003
Deslizamiento,08/2018,1.000000000000000,6.842430037220000,-75.360872658000005
Deslizamiento,08/2018,1.000000000000000,6.842860125220000,-75.360633292000003
Deslizamiento,08/2018,1.000000000000000,6.842519231220000,-75.360670416999994
Deslizamiento,08/2018,1.000000000000000,6.843022873220000,-75.360513096000005
Deslizamiento,08/2018,1.000000000000000,6.840814763220000,-75.359915971000007
Deslizamiento,08/2018,1.000000000000000,6.842847295220000,-75.360959578999996
Deslizamiento,08/2018,1.000000000000000,6.838095990220000,-75.359593727999993
Deslizamiento,08/2018,1.000000000000000,6.839114406220000,-75.359210279999999
Deslizamiento,08/2018,1.000000000000000,6.839650396220000,-75.359007931999997
Deslizamiento,08/2018,1.000000000000000,6.839844942220000,-75.360066094999993
Deslizamiento,08/2018,1.000000000000000,6.841410234220000,-75.357116813000005
Deslizamiento,08/2018,1.000000000000000,6.840267914220000,-75.352872442000006
Deslizamiento,08/2018,1.000000000000000,6.839874124220000,-75.353069961000003
Deslizamiento,08/2018,1.000000000000000,6.839983468220000,-75.353441145999994
Deslizamiento,08/2018,1.000000000000000,6.839418506220000,-75.354048470999999
Deslizamiento,08/2018,1.000000000000000,6.841831811220000,-75.353347348000000
Deslizamiento,08/2018,1.000000000000000,6.840950885220000,-75.351118516000000
Deslizamiento,08/2018,1.000000000000000,6.841028730220000,-75.351269419999994
Deslizamiento,08/2018,1.000000000000000,6.841251922220000,-75.351495372000002
Deslizamiento,08/2018,1.000000000000000,6.841489526220000,-75.351504523000003
Deslizamiento,08/2018,1.000000000000000,6.841794713220000,-75.351007984000006
Deslizamiento,08/2018,1.000000000000000,6.841645631220000,-75.349783287999998
Deslizamiento,08/2018,1.000000000000000,6.841808624220000,-75.349423309000002
Deslizamiento,08/2018,1.000000000000000,6.842069382220000,-75.348553832999997
Deslizamiento,08/2018,1.000000000000000,6.839465913220000,-75.350350215000006
Deslizamiento,08/2018,1.000000000000000,6.839516429220000,-75.348721507999997
Deslizamiento,08/2018,1.000000000000000,6.839289355220000,-75.348923643000006
Deslizamiento,08/2018,1.000000000000000,6.839231047220000,-75.349042347999998
Deslizamiento,08/2018,1.000000000000000,6.839058221220000,-75.349024135999997
Deslizamiento,08/2018,1.000000000000000,6.838059477220000,-75.349438249000002
Deslizamiento,08/2018,1.000000000000000,6.836700804220000,-75.349991228999997
Deslizamiento,08/2018,1.000000000000000,6.837385982220000,-75.350555982000003
Deslizamiento,08/2018,1.000000000000000,6.837850423220000,-75.350501674000000
Deslizamiento,08/2018,1.000000000000000,6.837418196220000,-75.351169167999998
Deslizamiento,08/2018,1.000000000000000,6.837429972220000,-75.351240110000006
Deslizamiento,08/2018,1.000000000000000,6.837639120220000,-75.351578724000007
Deslizamiento,08/2018,1.000000000000000,6.837385943220000,-75.352402490000003
Deslizamiento,08/2018,1.000000000000000,6.837260730220000,-75.352726052999998
Deslizamiento,08/2018,1.000000000000000,6.838046693220000,-75.352823340000000
Deslizamiento,08/2018,1.000000000000000,6.837659514220000,-75.352102142000007
Deslizamiento,08/2018,1.000000000000000,6.837676145220000,-75.351963599000001
Deslizamiento,08/2018,1.000000000000000,6.836101000220000,-75.353692803000001
Deslizamiento,08/2018,1.000000000000000,6.836343033220000,-75.353141332000007
Deslizamiento,08/2018,1.000000000000000,6.836242038220000,-75.353272802000006
Deslizamiento,08/2018,1.000000000000000,6.836261184220000,-75.353191416000001
Deslizamiento,08/2018,1.000000000000000,6.835880100220000,-75.354176344999999
Deslizamiento,08/2018,1.000000000000000,6.836121883220000,-75.354519351999997
Deslizamiento,08/2018,1.000000000000000,6.835941156220000,-75.352658285000004
Deslizamiento,08/2018,1.000000000000000,6.835127373220000,-75.353457462999998
Deslizamiento,08/2018,1.000000000000000,6.835461335220000,-75.352497838999994
Deslizamiento,08/2018,1.000000000000000,6.835790661220000,-75.352583886000005
Deslizamiento,08/2018,1.000000000000000,6.835871939220000,-75.353254178000000
Deslizamiento,08/2018,1.000000000000000,6.833473001220000,-75.353989561999995
Deslizamiento,08/2018,1.000000000000000,6.833938975220000,-75.352977271000000
Deslizamiento,08/2018,1.000000000000000,6.834203509220000,-75.352391789999999
Deslizamiento,08/2018,1.000000000000000,6.836108252220000,-75.355635655000000
Deslizamiento,08/2018,1.000000000000000,6.836385368220000,-75.355901797000001
Deslizamiento,08/2018,1.000000000000000,6.842727733220000,-75.352817353000006
Deslizamiento,08/2018,1.000000000000000,6.841848010220000,-75.352862262000002
Deslizamiento,08/2018,1.000000000000000,6.843911514220000,-75.352351065999997
Deslizamiento,08/2018,1.000000000000000,6.847096045220000,-75.350855972000005
Deslizamiento,08/2018,1.000000000000000,6.846406607220000,-75.350812110999996
Deslizamiento,08/2018,1.000000000000000,6.845569096220000,-75.351941889000003
Deslizamiento,08/2018,1.000000000000000,6.844723232220000,-75.351958478000000
Deslizamiento,08/2018,1.000000000000000,6.845520126220000,-75.354763922000004
Deslizamiento,08/2018,1.000000000000000,6.845963261220000,-75.355431179000007
Deslizamiento,08/2018,1.000000000000000,6.848360722220000,-75.349521914999997
Deslizamiento,08/2018,1.000000000000000,6.851020590220000,-75.350508413000000
Deslizamiento,08/2018,1.000000000000000,6.850645530220000,-75.350586905000000
Deslizamiento,08/2018,1.000000000000000,6.850225912220000,-75.351517369000007
Deslizamiento,08/2018,1.000000000000000,6.851474430220000,-75.351352706000000
Deslizamiento,08/2018,1.000000000000000,6.849339578220000,-75.351941491000005
Deslizamiento,08/2018,1.000000000000000,6.849477347220000,-75.351453297999996
Deslizamiento,08/2018,1.000000000000000,6.850512086220000,-75.350732648000005
Deslizamiento,08/2018,1.000000000000000,6.849056889220000,-75.354422286000002
Deslizamiento,08/2018,1.000000000000000,6.848933385220000,-75.353429786999996
Deslizamiento,08/2018,1.000000000000000,6.848155626220000,-75.355315153999996
Deslizamiento,08/2018,1.000000000000000,6.847951607220000,-75.355366320000002
Deslizamiento,08/2018,1.000000000000000,6.848389486220000,-75.355181195000000
Deslizamiento,08/2018,1.000000000000000,6.848007381220000,-75.354799356000001
Deslizamiento,08/2018,1.000000000000000,6.847592715220000,-75.354754537999995
Deslizamiento,08/2018,1.000000000000000,6.845628333220000,-75.353209337999999
Deslizamiento,08/2018,1.000000000000000,6.845908328220000,-75.353952321999998
Deslizamiento,08/2018,1.000000000000000,6.845679003220000,-75.353518144999995
Deslizamiento,08/2018,1.000000000000000,6.845120705220000,-75.353582535000001
Deslizamiento,08/2018,1.000000000000000,6.844912470220000,-75.353119137999997
Deslizamiento,08/2018,1.000000000000000,6.845167989220000,-75.353110700000002
Deslizamiento,08/2018,1.000000000000000,6.842322942220000,-75.356622027000000
Deslizamiento,08/2018,1.000000000000000,6.846452875220000,-75.360287249999999
Deslizamiento,08/2018,1.000000000000000,6.840801003220000,-75.356630975000002
Deslizamiento,08/2018,1.000000000000000,6.838118348220000,-75.355072313999997
Deslizamiento,08/2018,1.000000000000000,6.850963989220000,-75.354845428999994
Deslizamiento,08/2018,1.000000000000000,6.832736255220000,-75.351181155999996
Deslizamiento,08/2018,1.000000000000000,6.848659506220000,-75.356569387999997
Deslizamiento,01/2023,1.000000000000000,6.955677027540000,-75.426528738499997
Deslizamiento,07/2009,1.000000000000000,6.955569593230000,-75.426412518999996
Deslizamiento,01/2024,1.000000000000000,6.955908954620000,-75.426626447499999
Deslizamiento,31/01/2023,1.000000000000000,6.949722205230000,-75.432837086000006
Deslizamiento,16/07/2009,1.000000000000000,6.953210415230000,-75.383911153000000
Deslizamiento,16/08/2018,1.000000000000000,6.972965048230000,-75.447288647999997
Deslizamiento,16/08/2018,1.000000000000000,6.942288387230000,-75.469660019000003
Deslizamiento,16/08/2018,1.000000000000000,6.944361807230000,-75.469166924999996
Deslizamiento,27/07/2016,1.000000000000000,6.959364597230000,-75.357217075999998
Deslizamiento,27/07/2016,1.000000000000000,6.958684167230000,-75.356691561000005
Deslizamiento,27/07/2016,1.000000000000000,6.958998305230000,-75.355342358000001
Deslizamiento,27/07/2016,1.000000000000000,6.947472610230000,-75.355466168999996
Deslizamiento,27/07/2016,1.000000000000000,6.949146030230000,-75.341922154000002
Deslizamiento,08/2018,1.000000000000000,6.933624665230000,-75.386234567000002
Deslizamiento,09/2012,1.000000000000000,6.924528534230000,-75.389219264000005
Deslizamiento,08/2018,1.000000000000000,6.924022951230000,-75.391323306999993
Deslizamiento,09/2012,1.000000000000000,6.935624904230000,-75.384151497999994
Deslizamiento,09/2012,1.000000000000000,6.934862141230000,-75.378114327000006
Deslizamiento,09/2012,1.000000000000000,6.942779516230000,-75.378697044000006
Deslizamiento,09/2012,1.000000000000000,6.948529784230000,-75.381010896000006
Deslizamiento,09/2012,1.000000000000000,6.946630067230000,-75.379460378999994
Deslizamiento,07/2009,1.000000000000000,6.953260181230000,-75.383872490000002
Deslizamiento,07/2009,1.000000000000000,6.962071700230000,-75.385706329000001
Deslizamiento,07/2009,1.000000000000000,6.966559714230000,-75.373035403000003
Deslizamiento,09/2012,1.000000000000000,6.960406654230000,-75.385649775999994
Deslizamiento,09/2012,1.000000000000000,6.970169771230000,-75.389033017000003
Deslizamiento,07/2016,1.000000000000000,6.959216837230000,-75.374447441000001
Deslizamiento,07/2016,1.000000000000000,6.972099071230000,-75.376267803999994
Deslizamiento,07/2009,1.000000000000000,6.972088808230000,-75.376291764000001
Deslizamiento,09/2012,1.000000000000000,6.971209725230000,-75.389901108000004
Deslizamiento,08/2018,1.000000000000000,6.960282788230000,-75.382002921999998
Deslizamiento,08/2018,1.000000000000000,6.960758341230000,-75.385670453000003
Deslizamiento,01/2023,1.000000000000000,6.960349221770000,-75.385412182500005
Deslizamiento,09/2012,1.000000000000000,6.929200711230000,-75.346023567000003
Deslizamiento,09/2012,1.000000000000000,6.929220169230000,-75.342359746000000
Deslizamiento,09/2012,1.000000000000000,6.929622696230000,-75.343232608999998
Deslizamiento,09/2012,1.000000000000000,6.945269500230000,-75.340586569999999
Deslizamiento,09/2012,1.000000000000000,6.948559787230000,-75.341788515999994
Deslizamiento,09/2012,1.000000000000000,6.942405562230000,-75.348332338000006
Deslizamiento,09/2012,1.000000000000000,6.944734961230000,-75.348066535000001
Deslizamiento,09/2012,1.000000000000000,6.943915439230000,-75.345736557999999
Deslizamiento,09/2012,1.000000000000000,6.944665101230000,-75.346798535999994
Deslizamiento,09/2012,1.000000000000000,6.940583892230000,-75.349542139999997
Deslizamiento,09/2012,1.000000000000000,6.956422027230000,-75.341380770000001
Deslizamiento,07/2009,1.000000000000000,6.957323613230000,-75.361003748000002
Deslizamiento,08/2018,1.000000000000000,6.957996851230000,-75.361773861000003
Deslizamiento,07/2010,1.000000000000000,6.954110000230000,-75.360112543000000
Deslizamiento,07/2009,1.000000000000000,6.959364458230000,-75.357242466000002
Deslizamiento,07/2009,1.000000000000000,6.959377616230000,-75.355786511999995
Deslizamiento,07/2009,1.000000000000000,6.954225333230000,-75.355769730999995
Deslizamiento,09/2012,1.000000000000000,6.926121050230000,-75.440015082000002
Deslizamiento,09/2012,1.000000000000000,6.923132981230000,-75.438944808000002
Deslizamiento,07/2009,1.000000000000000,6.970218985230000,-75.467240556999997
Deslizamiento,12/1969,1.000000000000000,6.975320184230000,-75.425420475999999
Deslizamiento,12/1969,1.000000000000000,6.976568861230000,-75.427692410000006
Deslizamiento,12/1985,1.000000000000000,6.975635387230000,-75.431666847000002
Deslizamiento,07/2009,1.000000000000000,6.966617882230000,-75.447737511000000
Deslizamiento,09/2012,1.000000000000000,6.963843082230000,-75.439072748000001
Deslizamiento,07/2009,1.000000000000000,6.975028507230000,-75.393734047999999
Deslizamiento,11/2016,1.000000000000000,6.960319633230000,-75.489549830000001
Deslizamiento,01/2024,1.000000000000000,6.954990929430000,-75.489293825299995
Deslizamiento,12/1969,1.000000000000000,6.951587014230000,-75.466733719999993
Deslizamiento,09/2012,1.000000000000000,6.959168180230000,-75.470523532000001
Deslizamiento,09/2012,1.000000000000000,6.941132914230000,-75.458042250999995
Deslizamiento,11/2016,1.000000000000000,6.950662509230000,-75.477035158000007
Deslizamiento,08/2018,1.000000000000000,6.941633043230000,-75.474792754999996
Deslizamiento,01/2024,1.000000000000000,6.942927777670000,-75.480389180499998
Deslizamiento,01/2024,1.000000000000000,6.944132210000000,-75.464889928900007
Deslizamiento,12/1969,1.000000000000000,6.944055953230000,-75.426044351000002
Deslizamiento,12/1985,1.000000000000000,6.945090997230000,-75.421641198000003
Deslizamiento,08/2018,1.000000000000000,6.953242204230000,-75.442001516000005
Deslizamiento,08/2018,1.000000000000000,6.952539936230000,-75.441496053999998
Deslizamiento,07/2009,1.000000000000000,6.958190358230000,-75.427050018000003
Deslizamiento,09/2012,1.000000000000000,6.946756109230000,-75.415628646000002
Deslizamiento,08/2018,1.000000000000000,6.950848744230000,-75.440885027999997
Deslizamiento,01/2023,1.000000000000000,6.956516404700000,-75.426293158199996
Deslizamiento,01/2024,1.000000000000000,6.954522765740000,-75.429092716599996
Deslizamiento,12/1985,1.000000000000000,6.955942190230000,-75.402665096999996
Deslizamiento,12/1985,1.000000000000000,6.953467000230000,-75.395551068000003
Deslizamiento,07/2009,1.000000000000000,6.953856720230000,-75.393882118999997
Deslizamiento,09/2012,1.000000000000000,6.944208218230000,-75.413939529000004
Deslizamiento,08/2018,1.000000000000000,6.960529180230000,-75.404676151999993
Deslizamiento,01/2023,1.000000000000000,6.951236883170000,-75.409616852499994
Deslizamiento,01/2023,1.000000000000000,6.952608629650000,-75.410356637500001
Deslizamiento,7/10/1985,1.000000000000000,6.978340000000000,-75.426974000000001
Flujo,28/09/1994,1.000000000000000,6.966559000000000,-75.409180000000006
Flujo,9/06/1995,1.000000000000000,6.960551000000000,-75.441722999999996
Flujo,11/05/1972,1.000000000000000,6.954770000000000,-75.394345999999999
Flujo,8/11/1994,1.000000000000000,6.913333000000000,-75.404590999999996
Flujo,9/09/1988,1.000000000000000,6.908921000000000,-75.395698999999993
Flujo,9/09/1993,1.000000000000000,6.942902000000000,-75.407633000000004
Flujo,7/11/1984,1.000000000000000,6.928105000000000,-75.410551999999996
Flujo,11/10/1990,1.000000000000000,6.937027000000000,-75.392816999999994
Flujo,9/01/1986,1.000000000000000,6.971062000000000,-75.385510999999994
Flujo,26/09/1984,1.000000000000000,6.962127000000000,-75.407686999999996
Flujo,9/09/1988,1.000000000000000,6.971062000000000,-75.385510999999994
Flujo,7/11/1984,1.000000000000000,6.945921000000000,-75.385441999999998
Flujo,11/05/1993,1.000000000000000,6.946585000000000,-75.412452999999999
Flujo,9/01/1986,1.000000000000000,6.939952000000000,-75.404664999999994
Deslizamiento,15/05/1986,1.000000000000000,6.976895000000000,-75.415128999999993
Flujo,11/05/1980,1.000000000000000,6.931094000000000,-75.399090000000001
Flujo,18/05/1983,1.000000000000000,6.936609000000000,-75.410205000000005
Deslizamiento,18/05/1983,1.000000000000000,6.951006000000000,-75.418015999999994
Deslizamiento,8/10/1986,1.000000000000000,6.965064000000000,-75.415096000000005
Deslizamiento,2/08/1987,1.000000000000000,6.965064000000000,-75.415096000000005
Deslizamiento,11/07/1988,1.000000000000000,6.960606000000000,-75.422483000000000
Deslizamiento,8/09/1988,1.000000000000000,6.960606000000000,-75.422483000000000
Deslizamiento,16/01/1993,1.000000000000000,6.978340000000000,-75.426974000000001
Deslizamiento,8/11/1994,1.000000000000000,6.959127000000000,-75.422478999999996
Deslizamiento,5/09/1998,1.000000000000000,6.959127000000000,-75.422478999999996
Deslizamiento,1/09/2002,1.000000000000000,6.957723000000000,-75.395835000000005
Deslizamiento,5/10/2003,1.000000000000000,6.933322000000000,-75.395767000000006
Deslizamiento,2/12/1966,1.000000000000000,6.963631000000000,-75.398810999999995
Flujo,27/11/1956,1.000000000000000,6.971029000000000,-75.397351999999998
Deslizamiento,6/04/1979,1.000000000000000,6.947355000000000,-75.401725999999996
Deslizamiento,5/09/1998,1.000000000000000,6.966580000000000,-75.401780000000002
Deslizamiento,21/09/1998,1.000000000000000,6.956265000000000,-75.388430000000000
Deslizamiento,16/05/2007,1.000000000000000,6.978394000000000,-75.407732999999993
Flujo,14/05/1971,1.000000000000000,6.956216000000000,-75.406191000000007
Flujo,11/01/1981,1.000000000000000,6.945495000000000,-75.405789999999996
Deslizamiento,2/05/1972,1.000000000000000,6.968117000000000,-75.381062999999997
Deslizamiento,8/11/1984,1.000000000000000,6.945970000000000,-75.367682000000002
Deslizamiento,14/10/1944,1.000000000000000,6.960606000000000,-75.422483000000000
Deslizamiento,18/06/1981,1.000000000000000,6.973941000000000,-75.413640999999998
Deslizamiento,20/10/1980,1.000000000000000,6.971021000000000,-75.400312000000000
Flujo,5/11/1994,1.000000000000000,6.885509000000000,-75.340363999999994
Deslizamiento,21/09/1998,1.000000000000000,6.961389000000000,-75.426944000000006
Deslizamiento,18/10/2011,1.000000000000000,6.949167000000000,-75.481388999999993
Deslizamiento,16/02/2011,1.000000000000000,6.863611000000000,-75.350832999999994
Deslizamiento,21/03/1999,1.000000000000000,6.860061000000000,-75.338977999999997
Deslizamiento,21/03/2009,1.000000000000000,6.869540000000000,-75.366622000000007
Deslizamiento,2018,1.000000000000000,6.802985847810000,-75.430748836600003
Deslizamiento,2018,1.000000000000000,6.813587380970000,-75.434519249000004
Deslizamiento,2018,1.000000000000000,6.811927584420000,-75.430161725399998
Deslizamiento,2018,1.000000000000000,6.807176795040000,-75.435881357699998
Deslizamiento,2018,1.000000000000000,6.805424504890000,-75.436318507600006
Deslizamiento,2018,1.000000000000000,6.865306494410000,-75.398883073700006
Deslizamiento,2018,1.000000000000000,6.859488013180000,-75.407398859400004
Deslizamiento,2018,1.000000000000000,6.887394275820000,-75.456878544600002
Deslizamiento,2018,1.000000000000000,6.888362289600000,-75.452918828500003
Deslizamiento,2018,1.000000000000000,6.887477892120000,-75.453483328600001
Deslizamiento,2018,1.000000000000000,6.889245304220000,-75.452918283100004
Deslizamiento,2018,1.000000000000000,6.890027830190000,-75.453862599399997
Deslizamiento,2018,1.000000000000000,6.889811492380000,-75.455037739500000
Deslizamiento,2018,1.000000000000000,6.867038093140000,-75.462852448000007
Deslizamiento,2018,1.000000000000000,6.852948488060000,-75.466336945699993
Deslizamiento,2018,1.000000000000000,6.854698320590000,-75.465677660599994
Deslizamiento,2018,1.000000000000000,6.882058764590000,-75.509401490599998
Deslizamiento,2018,1.000000000000000,6.894214185540000,-75.430841231900004
Deslizamiento,2018,1.000000000000000,6.896584213840000,-75.431421666500000
Deslizamiento,2018,1.000000000000000,6.898112705360000,-75.432000505999994
Deslizamiento,2018,1.000000000000000,6.875609117870000,-75.525390707900002
Deslizamiento,2018,1.000000000000000,6.849877154660000,-75.485999884400002
Deslizamiento,2018,1.000000000000000,6.837652324230000,-75.446262198800000
Deslizamiento,2018,1.000000000000000,6.838860641970000,-75.447365185199999
Debris Flow,2020-06-09,1.000000000000000,6.885000000000000,-75.334999999999994
Landslide,2000-11-13,1.000000000000000,6.886102000220000,-75.334952999999999
Landslide,2004-02-07,1.000000000000000,6.885168000220000,-75.335312999999999
Deslizamiento,31/12/1985,1.000000000000000,6.916900409230000,-75.325380365000001
Deslizamiento,24/09/2022,1.000000000000000,6.920861944230000,-75.289924654999993
Deslizamiento,24/09/2022,1.000000000000000,6.892257845230000,-75.298506121000003
Deslizamiento,09/2012,1.000000000000000,6.917950774230000,-75.325654131999997
Deslizamiento,09/2012,1.000000000000000,6.917277185230000,-75.325833431000007
Deslizamiento,09/2012,1.000000000000000,6.887696591230000,-75.321643788000003
Deslizamiento,09/2012,1.000000000000000,6.892592289230000,-75.304630458999995
Deslizamiento,09/2012,1.000000000000000,6.906107814230000,-75.333106954000002
Deslizamiento,09/2012,1.000000000000000,6.887506867230000,-75.325400096999999
Deslizamiento,09/2012,1.000000000000000,6.885673557220000,-75.326128099000002
Deslizamiento,09/2012,1.000000000000000,6.886859061230000,-75.326446297000004
Deslizamiento,09/2012,1.000000000000000,6.906019231230000,-75.314333579000007
Deslizamiento,09/2012,1.000000000000000,6.921772046230000,-75.318599886000001
Deslizamiento,09/2012,1.000000000000000,6.893068692230000,-75.303492868999996
Deslizamiento,09/2012,1.000000000000000,6.892682544230000,-75.298277947000003
Deslizamiento,09/2012,1.000000000000000,6.890428157230000,-75.299860577000004
Deslizamiento,09/2012,1.000000000000000,6.905444031230000,-75.305766829000007
Deslizamiento,08/2018,1.000000000000000,6.851136536220000,-75.336845869000001
Deslizamiento,07/2016,1.000000000000000,6.906413761230000,-75.314415041000004
Deslizamiento,09/2012,1.000000000000000,6.949463052230000,-75.336716288999995
Deslizamiento,09/2012,1.000000000000000,6.949785372230000,-75.337022364999996
Deslizamiento,09/2012,1.000000000000000,6.938569159230000,-75.337875030999996
Deslizamiento,09/2012,1.000000000000000,6.930029402230000,-75.329741513000002
Deslizamiento,09/2012,1.000000000000000,6.926991274230000,-75.332122529000003
Deslizamiento,09/2012,1.000000000000000,6.931043525230000,-75.328464214999997
Deslizamiento,09/2012,1.000000000000000,6.931877745230000,-75.327405997000000
Deslizamiento,09/2012,1.000000000000000,6.933387170230000,-75.326887905999996
Deslizamiento,04/2010,1.000000000000000,6.941981602230000,-75.289980297000000
Deslizamiento,14/10/1944,1.000000000000000,6.890720000000000,-75.338145999999995
Deslizamiento,21/03/2009,1.000000000000000,6.874236000000000,-75.315218999999999
