Fecha,Lluvia_Dia,Lluvia_Antecedente,Evento_MM,Umbral_Superado
1971-01-01,2.0,0.0,0,True
1971-01-03,3.0,2.0,0,True
1971-01-05,10.0,5.0,0,True
1971-01-06,23.0,15.0,0,True
1971-01-09,15.0,38.0,0,True
1971-01-11,10.0,58.0,0,True
1971-01-12,7.0,68.0,0,True
1971-01-17,20.0,86.0,0,True
1971-02-04,40.0,120.0,0,True
1971-02-16,12.0,86.0,0,True
1971-02-17,30.0,78.0,0,True
1971-02-18,30.0,108.0,0,True
1971-02-19,68.0,138.0,0,True
1971-02-23,30.0,226.0,0,True
1971-03-01,44.0,284.0,0,True
1971-03-03,74.0,340.0,0,True
1971-03-06,48.0,445.0,0,True
1971-03-17,62.0,521.0,0,True
1971-03-18,85.0,583.0,0,True
1971-03-31,74.0,567.0,0,True
1971-04-14,50.0,421.0,0,True
1971-04-22,62.0,297.0,0,True
1971-05-06,42.0,368.0,0,True
1971-05-07,110.0,390.0,0,True
1971-05-09,79.0,532.0,0,True
1971-05-22,94.0,794.0,0,True
1971-06-17,102.0,642.0,0,True
1971-06-26,105.0,633.0,0,True
1971-07-02,164.0,706.0,0,True
1971-07-04,114.0,867.0,0,True
1971-07-26,114.0,963.0,0,True
1971-08-27,71.0,577.0,0,True
1971-09-08,61.0,455.0,0,True
1971-09-16,60.0,433.0,0,True
1971-09-17,88.0,483.0,0,True
1971-09-18,110.0,571.0,0,True
1971-10-19,50.0,448.0,0,True
1971-11-08,52.0,399.0,0,True
1971-11-18,63.0,356.0,0,True
1971-12-17,13.0,97.0,0,True
1971-12-21,2.0,15.0,0,True
1971-12-23,33.0,17.0,0,True
1971-12-28,30.0,50.0,0,True
1971-12-29,10.0,80.0,0,True
1971-12-31,20.0,90.0,0,True
1972-01-03,18.0,110.0,0,True
1972-01-08,20.0,136.0,0,True
1972-01-10,52.0,156.0,0,True
1972-02-04,31.0,132.0,0,True
1972-02-06,23.0,155.0,0,True
1972-02-07,38.0,178.0,0,True
1972-02-10,18.0,144.0,0,True
1972-03-13,8.0,33.0,0,True
1972-03-14,23.0,41.0,0,True
1972-03-17,10.0,64.0,0,True
1972-03-19,20.0,64.0,0,True
1972-03-20,23.0,84.0,0,True
1972-03-21,18.0,107.0,0,True
1972-03-22,20.0,125.0,0,True
1972-03-30,23.0,153.0,0,True
1972-04-07,23.0,173.0,0,True
1972-04-08,20.0,196.0,0,True
1972-04-09,23.0,216.0,0,True
1972-04-10,31.0,239.0,0,True
1972-04-11,58.0,270.0,0,True
1972-04-12,34.0,328.0,0,True
1972-05-24,53.0,474.0,0,True
1972-07-06,28.0,263.0,0,True
1972-07-15,28.0,183.0,0,True
1972-07-23,28.0,139.0,0,True
1972-07-25,20.0,154.0,0,True
1972-08-08,28.0,137.0,0,True
1972-08-13,20.0,154.0,0,True
1972-08-18,20.0,166.0,0,True
1972-08-21,23.0,194.0,0,True
1972-08-24,29.0,192.0,0,True
1972-08-26,48.0,193.0,0,True
1972-09-09,33.0,276.0,0,True
1972-09-15,33.0,304.0,0,True
1972-09-25,33.0,289.0,0,True
1972-10-03,31.0,234.0,0,True
1972-10-10,33.0,268.0,0,True
1972-10-11,44.0,283.0,0,True
1972-10-31,43.0,331.0,0,True
1972-11-02,48.0,367.0,0,True
1972-11-04,43.0,392.0,0,True
1972-12-08,8.0,56.0,0,True
1972-12-10,10.0,54.0,0,True
1972-12-11,20.0,64.0,0,True
1972-12-16,8.0,48.0,0,True
1972-12-20,11.0,59.0,0,True
1972-12-21,58.0,70.0,0,True
1972-12-22,31.0,128.0,0,True
1972-12-23,18.0,149.0,0,True
1973-01-18,30.0,131.0,0,True
1973-02-07,8.0,48.0,0,True
1973-03-08,8.0,8.0,0,True
1973-03-13,10.0,8.0,0,True
1973-03-14,8.0,18.0,0,True
1973-03-21,10.0,26.0,0,True
1973-03-22,38.0,36.0,0,True
1973-03-23,30.0,74.0,0,True
1973-04-05,50.0,104.0,0,True
1973-04-14,30.0,148.0,0,True
1973-04-15,40.0,178.0,0,True
1973-04-17,30.0,234.0,0,True
1973-04-18,30.0,264.0,0,True
1973-04-19,30.0,294.0,0,True
1973-04-22,48.0,276.0,0,True
1973-04-23,41.0,294.0,0,True
1973-04-24,58.0,335.0,0,True
1973-06-11,35.0,328.0,0,True
1973-06-23,41.0,259.0,0,True
1973-06-24,48.0,300.0,0,True
1973-06-25,40.0,348.0,0,True
1973-07-27,23.0,226.0,0,True
1973-08-06,59.0,171.0,0,True
1973-08-26,28.0,224.0,0,True
1973-08-27,70.0,229.0,0,True
1973-08-31,58.0,310.0,0,True
1973-09-01,40.0,365.0,0,True
1973-09-02,55.0,405.0,0,True
1973-09-03,46.0,460.0,0,True
1973-09-10,60.0,508.0,0,True
1973-10-07,48.0,331.0,0,True
1973-10-17,41.0,227.0,0,True
1973-10-19,43.0,243.0,0,True
1973-10-20,43.0,286.0,0,True
1973-11-07,38.0,294.0,0,True
1973-11-09,70.0,328.0,0,True
1973-11-13,63.0,411.0,0,True
1973-12-28,40.0,197.0,0,True
1973-12-30,41.0,229.0,0,True
1973-12-31,40.0,240.0,0,True
1974-01-05,30.0,257.0,0,True
1974-01-15,30.0,232.0,0,True
1974-01-16,30.0,262.0,0,True
1974-01-20,40.0,284.0,0,True
1974-02-11,20.0,160.0,0,True
1974-02-12,48.0,170.0,0,True
1974-02-16,33.0,151.0,0,True
1974-02-26,40.0,134.0,0,True
1974-03-08,40.0,194.0,0,True
1974-03-22,40.0,120.0,0,True
1974-03-27,30.0,170.0,0,True
1974-03-29,20.0,173.0,0,True
1974-03-30,20.0,193.0,0,True
1974-03-31,30.0,203.0,0,True
1974-04-01,33.0,231.0,0,True
1974-04-08,40.0,227.0,0,True
1974-04-13,40.0,270.0,0,True
1974-04-26,40.0,386.0,0,True
1974-04-28,56.0,383.0,0,True
1974-05-02,50.0,377.0,0,True
1974-05-05,78.0,472.0,0,True
1974-06-13,30.0,233.0,0,True
1974-06-20,30.0,233.0,0,True
1974-06-23,30.0,216.0,0,True
1974-07-03,33.0,186.0,0,True
1974-07-07,30.0,249.0,0,True
1974-07-11,40.0,269.0,0,True
1974-07-17,30.0,280.0,0,True
1974-07-21,30.0,283.0,0,True
1974-07-24,30.0,270.0,0,True
1974-07-25,103.0,290.0,0,True
1974-07-26,108.0,393.0,0,True
1974-08-01,132.0,549.0,0,True
1974-08-31,48.0,252.0,0,True
1974-09-01,38.0,168.0,0,True
1974-09-02,23.0,196.0,0,True
1974-09-03,30.0,216.0,0,True
1974-09-07,38.0,256.0,0,True
1974-09-18,71.0,324.0,0,True
1974-09-19,40.0,395.0,0,True
1974-11-22,30.0,239.0,0,True
1974-11-30,20.0,199.0,0,True
1974-12-31,0.0,0.0,0,True
1975-01-01,0.0,0.0,0,True
1975-01-02,0.0,0.0,0,True
1975-01-03,0.0,0.0,0,True
1975-01-04,0.0,0.0,0,True
1975-01-05,0.0,0.0,0,True
1975-01-06,0.0,0.0,0,True
1975-01-07,10.0,0.0,0,True
1975-01-14,10.0,10.0,0,True
1975-01-15,3.0,20.0,0,True
1975-01-21,10.0,23.0,0,True
1975-02-02,10.0,33.0,0,True
1975-02-05,10.0,46.0,0,True
1975-02-16,20.0,33.0,0,True
1975-02-25,10.0,43.0,0,True
1975-02-27,10.0,53.0,0,True
1975-03-01,75.0,63.0,0,True
1975-03-03,58.0,148.0,0,True
1975-03-19,30.0,242.0,0,True
1975-04-02,20.0,195.0,0,True
1975-04-03,30.0,157.0,0,True
1975-04-04,94.0,174.0,0,True
1975-04-05,28.0,268.0,0,True
1975-04-08,30.0,283.0,0,True
1975-04-12,40.0,300.0,0,True
1975-04-24,40.0,285.0,0,True
1975-04-28,40.0,338.0,0,True
1975-04-29,51.0,378.0,0,True
1975-04-30,96.0,429.0,0,True
1975-05-03,53.0,502.0,0,True
1975-06-06,50.0,463.0,0,True
1975-06-13,68.0,433.0,0,True
1975-06-30,58.0,495.0,0,True
1975-07-31,54.0,424.0,0,True
1975-08-06,40.0,364.0,0,True
1975-08-20,41.0,364.0,0,True
1975-08-31,68.0,374.0,0,True
1975-09-14,40.0,385.0,0,True
1975-09-20,40.0,394.0,0,True
1975-09-21,49.0,424.0,0,True
1975-10-15,48.0,409.0,0,True
1975-10-26,142.0,340.0,0,True
1975-12-09,30.0,242.0,0,True
1975-12-16,40.0,236.0,0,True
1975-12-21,40.0,268.0,0,True
1976-01-13,30.0,149.0,0,True
1976-01-17,20.0,122.0,0,True
1976-01-26,31.0,73.0,0,True
1976-01-29,22.0,94.0,0,True
1976-02-06,20.0,136.0,0,True
1976-02-10,20.0,156.0,0,True
1976-02-26,33.0,129.0,0,True
1976-03-02,30.0,140.0,0,True
1976-03-03,20.0,170.0,0,True
1976-03-06,30.0,203.0,0,True
1976-03-10,30.0,203.0,0,True
1976-03-26,30.0,186.0,0,True
1976-03-28,30.0,173.0,0,True
1976-04-12,20.0,83.0,0,True
1976-04-13,40.0,103.0,0,True
1976-04-20,30.0,151.0,0,True
1976-04-23,23.0,183.0,0,True
1976-04-27,21.0,201.0,0,True
1976-04-28,56.0,192.0,0,True
1976-04-30,26.0,258.0,0,True
1976-05-03,36.0,284.0,0,True
1976-05-14,30.0,288.0,0,True
1976-05-18,41.0,335.0,0,True
1976-06-15,30.0,241.0,0,True
1976-06-21,31.0,224.0,0,True
1976-06-28,34.0,193.0,0,True
1976-06-29,28.0,214.0,0,True
1976-07-04,30.0,227.0,0,True
1976-07-12,40.0,288.0,0,True
1976-07-21,30.0,255.0,0,True
1976-07-24,88.0,264.0,0,True
1976-07-25,52.0,332.0,0,True
1976-08-11,88.0,274.0,0,True
1976-08-24,30.0,300.0,0,True
1976-09-19,30.0,130.0,0,True
1976-09-24,42.0,141.0,0,True
1976-09-26,61.0,149.0,0,True
1976-09-29,58.0,247.0,0,True
1976-10-02,38.0,324.0,0,True
1976-10-05,43.0,390.0,0,True
1976-10-08,53.0,466.0,0,True
1976-11-03,50.0,462.0,0,True
1976-11-17,32.0,284.0,0,True
1976-12-14,26.0,93.0,0,True
1976-12-22,10.0,49.0,0,True
1977-01-19,10.0,10.0,0,True
1977-02-09,30.0,10.0,0,True
1977-02-11,10.0,43.0,0,True
1977-02-12,50.0,53.0,0,True
1977-02-13,32.0,103.0,0,True
1977-02-27,20.0,179.0,0,True
1977-03-02,30.0,207.0,0,True
1977-03-20,30.0,123.0,0,True
1977-04-04,30.0,69.0,0,True
1977-04-05,84.0,99.0,0,True
1977-04-07,22.0,186.0,0,True
1977-04-11,22.0,216.0,0,True
1977-04-13,30.0,228.0,0,True
1977-04-15,41.0,258.0,0,True
1977-04-22,42.0,285.0,0,True
1977-04-24,52.0,359.0,0,True
1977-05-16,98.0,445.0,0,True
1977-06-04,51.0,505.0,0,True
1977-06-30,106.0,408.0,0,True
1977-07-09,83.0,462.0,0,True
1977-07-31,50.0,331.0,0,True
1977-08-08,64.0,374.0,0,True
1977-09-12,30.0,176.0,0,True
1977-09-13,51.0,206.0,0,True
1977-09-16,40.0,230.0,0,True
1977-09-20,30.0,220.0,0,True
1977-09-21,26.0,247.0,0,True
1977-09-24,31.0,281.0,0,True
1977-09-27,69.0,295.0,0,True
1977-10-08,40.0,388.0,0,True
1977-10-20,41.0,374.0,0,True
1977-11-01,40.0,389.0,0,True
1977-11-16,51.0,510.0,0,True
1977-12-12,21.0,149.0,0,True
1977-12-13,38.0,152.0,0,True
1978-01-15,0.0,0.0,0,True
1978-01-16,0.0,0.0,0,True
1978-01-17,0.0,0.0,0,True
1978-01-18,0.0,0.0,0,True
1978-01-19,0.0,0.0,0,True
1978-01-20,0.0,0.0,0,True
1978-01-21,0.0,0.0,0,True
1978-01-22,0.0,0.0,0,True
1978-01-23,3.0,0.0,0,True
1978-01-25,30.0,3.0,0,True
1978-01-26,10.0,33.0,0,True
1978-01-31,10.0,43.0,0,True
1978-02-04,30.0,53.0,0,True
1978-02-05,10.0,83.0,0,True
1978-02-08,40.0,107.0,0,True
1978-02-18,30.0,147.0,0,True
1978-02-26,40.0,137.0,0,True
1978-03-03,40.0,167.0,0,True
1978-03-04,36.0,207.0,0,True
1978-03-21,30.0,165.0,0,True
1978-03-22,23.0,195.0,0,True
1978-03-25,30.0,231.0,0,True
1978-03-27,44.0,258.0,0,True
1978-03-30,42.0,288.0,0,True
1978-04-07,161.0,239.0,0,True
1978-04-12,60.0,473.0,0,True
1978-04-15,113.0,609.0,0,True
1978-04-16,125.0,712.0,0,True
1978-05-25,52.0,335.0,0,True
1978-06-01,63.0,373.0,0,True
1978-06-02,132.0,392.0,0,True
1978-06-04,190.0,465.0,0,True
1978-06-11,210.0,655.0,0,True
1978-07-23,30.0,242.0,0,True
1978-07-25,30.0,270.0,0,True
1978-07-29,31.0,273.0,0,True
1978-08-02,31.0,254.0,0,True
1978-08-04,30.0,284.0,0,True
1978-08-08,34.0,322.0,0,True
1978-08-25,30.0,206.0,0,True
1978-08-30,31.0,218.0,0,True
1978-08-31,30.0,249.0,0,True
1978-09-05,52.0,255.0,0,True
1978-09-10,41.0,244.0,0,True
1978-09-14,151.0,293.0,0,True
1978-10-22,73.0,417.0,0,True
1978-10-31,118.0,519.0,0,True
1978-11-02,84.0,615.0,0,True
1978-12-02,42.0,382.0,0,True
1978-12-07,38.0,351.0,0,True
1978-12-09,49.0,386.0,0,True
1979-01-15,0.0,0.0,0,True
1979-01-16,0.0,0.0,0,True
1979-01-17,0.0,0.0,0,True
1979-01-18,0.0,0.0,0,True
1979-01-19,0.0,0.0,0,True
1979-01-20,0.0,0.0,0,True
1979-01-21,0.0,0.0,0,True
1979-01-22,10.0,0.0,0,True
1979-01-23,3.0,10.0,0,True
1979-01-26,8.0,13.0,0,True
1979-01-31,10.0,21.0,0,True
1979-02-17,30.0,31.0,0,True
1979-02-20,31.0,61.0,0,True
1979-02-23,41.0,79.0,0,True
1979-03-06,30.0,133.0,0,True
1979-03-09,30.0,181.0,0,True
1979-03-23,30.0,150.0,0,True
1979-04-01,30.0,139.0,0,True
1979-04-04,40.0,169.0,1,True
1979-04-06,31.0,187.0,0,True
1979-04-08,30.0,200.0,0,True
1979-04-09,54.0,200.0,0,True
1979-04-10,31.0,254.0,0,True
1979-04-14,30.0,295.0,0,True
1979-05-16,40.0,366.0,0,True
1979-05-19,92.0,379.0,0,True
1979-05-20,76.0,441.0,0,True
1979-05-31,139.0,481.0,0,True
1979-06-06,82.0,702.0,0,True
1979-07-12,30.0,119.0,0,True
1979-07-15,51.0,111.0,0,True
1979-07-31,42.0,134.0,0,True
1979-08-16,30.0,95.0,0,True
1979-08-18,18.0,115.0,0,True
1979-08-19,16.0,123.0,0,True
1979-08-22,13.0,126.0,0,True
1979-08-27,40.0,149.0,0,True
1979-08-28,33.0,189.0,0,True
1979-08-31,40.0,190.0,0,True
1979-09-01,117.0,220.0,0,True
1979-09-04,38.0,340.0,0,True
1979-09-10,82.0,411.0,0,True
1979-09-18,148.0,548.0,0,True
1979-10-20,40.0,283.0,0,True
1979-10-26,43.0,389.0,0,True
1979-10-28,108.0,452.0,0,True
1979-12-13,30.0,106.0,0,True
1979-12-16,30.0,138.0,0,True
1979-12-19,40.0,178.0,0,True
1979-12-21,38.0,191.0,0,True
1980-01-01,40.0,181.0,0,True
1980-01-27,10.0,72.0,0,True
1980-01-30,10.0,90.0,0,True
1980-02-01,10.0,63.0,0,True
1980-02-03,40.0,51.0,0,True
1980-02-07,10.0,91.0,0,True
1980-02-17,40.0,101.0,0,True
1980-03-12,10.0,61.0,0,True
1980-03-16,30.0,71.0,0,True
1980-03-18,20.0,111.0,0,True
1980-03-21,30.0,73.0,0,True
1980-03-26,30.0,103.0,0,True
1980-04-03,30.0,153.0,0,True
1980-04-14,30.0,201.0,0,True
1980-04-23,30.0,169.0,0,True
1980-04-25,85.0,209.0,0,True
1980-04-26,40.0,264.0,0,True
1980-04-27,34.0,304.0,0,True
1980-05-09,204.0,360.0,0,True
1980-05-25,94.0,686.0,0,True
1980-06-20,68.0,381.0,0,True
1980-06-21,70.0,449.0,0,True
1980-06-22,90.0,509.0,0,True
1980-06-26,57.0,497.0,0,True
1980-06-30,72.0,544.0,0,True
1980-07-21,82.0,431.0,0,True
1980-07-31,30.0,223.0,0,True
1980-08-05,50.0,263.0,0,True
1980-08-15,30.0,292.0,0,True
1980-08-22,30.0,222.0,0,True
1980-08-27,30.0,226.0,0,True
1980-08-31,40.0,236.0,0,True
1980-09-05,30.0,229.0,0,True
1980-09-10,30.0,220.0,0,True
1980-09-14,40.0,250.0,0,True
1980-09-18,33.0,257.0,0,True
1980-09-20,30.0,300.0,0,True
1980-10-01,30.0,277.0,0,True
1980-10-04,106.0,304.0,0,True
1980-10-06,72.0,420.0,0,True
1980-10-08,110.0,511.0,0,True
1980-11-14,30.0,171.0,0,True
1980-11-20,30.0,151.0,0,True
1980-12-13,30.0,101.0,0,True
1980-12-25,30.0,48.0,0,True
1980-12-27,30.0,78.0,0,True
1980-12-29,10.0,100.0,0,True
1981-01-22,10.0,70.0,0,True
1981-01-25,10.0,50.0,0,True
1981-01-27,3.0,30.0,0,True
1981-01-28,10.0,33.0,0,True
1981-01-31,10.0,33.0,0,True
1981-03-03,0.0,0.0,0,True
1981-03-04,10.0,0.0,0,True
1981-03-08,30.0,10.0,0,True
1981-03-10,10.0,40.0,0,True
1981-03-13,10.0,50.0,0,True
1981-03-16,30.0,60.0,0,True
1981-04-05,40.0,80.0,0,True
1981-04-07,13.0,130.0,0,True
1981-04-14,30.0,122.0,0,True
1981-04-17,30.0,122.0,0,True
1981-04-18,98.0,152.0,0,True
1981-04-20,30.0,260.0,0,True
1981-04-21,66.0,290.0,0,True
1981-04-22,152.0,356.0,0,True
1981-07-01,40.0,325.0,0,True
1981-07-05,51.0,304.0,0,True
1981-08-01,43.0,213.0,0,True
1981-08-04,62.0,256.0,0,True
1981-08-15,30.0,211.0,0,True
1981-09-11,20.0,60.0,0,True
1981-09-12,30.0,80.0,0,True
1981-09-13,55.0,100.0,0,True
1981-09-24,40.0,136.0,0,True
1981-09-25,144.0,176.0,0,True
1981-10-14,40.0,367.0,0,True
1981-10-20,55.0,418.0,0,True
1981-10-21,170.0,473.0,0,True
1981-11-27,30.0,175.0,0,True
1981-11-29,30.0,152.0,0,True
1981-12-10,30.0,141.0,0,True
1981-12-13,41.0,172.0,0,True
1981-12-26,30.0,173.0,0,True
1982-01-05,30.0,132.0,0,True
1982-02-02,30.0,40.0,0,True
1982-02-07,10.0,30.0,0,True
1982-02-11,10.0,40.0,0,True
1982-02-12,41.0,50.0,0,True
1982-02-13,58.0,91.0,0,True
1982-02-15,26.0,162.0,0,True
1982-02-16,34.0,188.0,0,True
1982-03-11,40.0,203.0,0,True
1982-03-23,30.0,51.0,0,True
1982-03-26,10.0,81.0,0,True
1982-03-28,33.0,91.0,0,True
1982-03-30,32.0,134.0,0,True
1982-04-03,30.0,166.0,0,True
1982-04-05,31.0,206.0,0,True
1982-04-06,33.0,237.0,0,True
1982-04-07,30.0,270.0,0,True
1982-04-11,51.0,260.0,0,True
1982-04-12,39.0,300.0,0,True
1982-04-14,81.0,349.0,0,True
1982-06-05,40.0,288.0,0,True
1982-06-09,30.0,278.0,0,True
1982-06-18,30.0,229.0,0,True
1982-06-20,31.0,229.0,0,True
1982-07-05,61.0,183.0,0,True
1982-07-11,30.0,164.0,0,True
1982-07-17,30.0,193.0,0,True
1982-07-18,31.0,223.0,0,True
1982-07-23,30.0,182.0,0,True
1982-07-26,71.0,212.0,0,True
1982-08-03,30.0,294.0,0,True
1982-08-16,30.0,213.0,0,True
1982-08-24,30.0,152.0,0,True
1982-08-28,10.0,100.0,0,True
1982-08-30,88.0,110.0,0,True
1982-09-09,30.0,192.0,0,True
1982-09-13,30.0,243.0,0,True
1982-09-14,31.0,273.0,0,True
1982-09-18,30.0,264.0,0,True
1982-10-02,30.0,269.0,0,True
1982-10-04,41.0,309.0,0,True
1982-10-11,41.0,358.0,0,True
1982-10-22,31.0,298.0,0,True
1982-10-26,53.0,358.0,0,True
1982-10-30,98.0,452.0,0,True
1982-11-18,42.0,393.0,0,True
1982-12-03,31.0,206.0,0,True
1982-12-08,30.0,193.0,0,True
1982-12-14,31.0,237.0,0,True
1983-01-05,10.0,81.0,0,True
1983-01-30,82.0,10.0,0,True
1983-01-31,11.0,92.0,0,True
1983-02-08,13.0,93.0,0,True
1983-02-22,30.0,116.0,0,True
1983-02-28,25.0,146.0,0,True
1983-03-03,10.0,78.0,0,True
1983-03-04,30.0,88.0,0,True
1983-03-26,30.0,111.0,0,True
1983-04-08,10.0,81.0,0,True
1983-04-09,30.0,91.0,0,True
1983-04-12,40.0,132.0,0,True
1983-04-16,41.0,182.0,0,True
1983-04-18,31.0,202.0,0,True
1983-04-20,31.0,244.0,0,True
1983-04-22,30.0,278.0,0,True
1983-05-06,52.0,418.0,0,True
1983-05-17,39.0,373.0,0,True
1983-05-21,67.0,397.0,0,True
1983-07-05,14.0,60.0,0,True
1983-07-06,64.0,74.0,0,True
1983-07-07,18.0,127.0,0,True
1983-07-08,30.0,145.0,0,True
1983-07-11,30.0,183.0,0,True
1983-07-15,28.0,210.0,0,True
1983-07-19,30.0,256.0,0,True
1983-08-07,30.0,284.0,0,True
1983-08-17,30.0,207.0,0,True
1983-08-19,85.0,195.0,0,True
1983-08-22,30.0,291.0,0,True
1983-09-08,31.0,257.0,0,True
1983-09-21,31.0,272.0,0,True
1983-09-25,30.0,232.0,0,True
1983-10-02,31.0,260.0,0,True
1983-10-03,82.0,291.0,0,True
1983-10-14,42.0,300.0,0,True
1983-10-28,30.0,277.0,0,True
1983-11-14,30.0,146.0,0,True
1983-11-21,30.0,126.0,0,True
1983-11-24,31.0,128.0,0,True
1983-11-29,41.0,121.0,0,True
1983-11-30,26.0,159.0,0,True
1983-12-03,30.0,177.0,0,True
1983-12-09,31.0,227.0,0,True
1983-12-14,42.0,285.0,0,True
1983-12-15,33.0,297.0,0,True
1983-12-30,128.0,312.0,0,True
1984-02-17,6.0,3.0,0,True
1984-02-18,9.0,6.0,0,True
1984-02-22,53.0,15.0,0,True
1984-02-24,25.0,68.0,0,True
1984-02-25,33.0,93.0,0,True
1984-02-28,20.0,136.0,0,True
1984-02-29,38.0,156.0,0,True
1984-03-25,14.0,133.0,0,True
1984-03-31,11.0,32.0,0,True
1984-04-05,11.0,49.0,0,True
1984-04-07,7.0,63.0,0,True
1984-04-14,42.0,76.0,0,True
1984-04-17,98.0,121.0,0,True
1984-04-18,31.0,219.0,0,True
1984-04-23,30.0,272.0,0,True
1984-04-25,30.0,295.0,0,True
1984-04-26,95.0,322.0,0,True
1984-04-30,98.0,453.0,0,True
1984-05-20,98.0,579.0,0,True
1984-06-15,31.0,293.0,0,True
1984-06-21,30.0,200.0,0,True
1984-06-28,31.0,226.0,0,True
1984-07-07,31.0,211.0,0,True
1984-07-14,30.0,234.0,0,True
1984-07-19,33.0,255.0,0,True
1984-07-31,30.0,220.0,0,True
1984-08-09,30.0,206.0,0,True
1984-08-10,28.0,233.0,0,True
1984-08-14,30.0,214.0,0,True
1984-08-17,30.0,222.0,0,True
1984-08-23,31.0,209.0,0,True
1984-09-02,30.0,202.0,0,True
1984-09-08,42.0,260.0,0,True
1984-09-12,34.0,252.0,0,True
1984-09-15,30.0,267.0,0,True
1984-09-17,31.0,267.0,0,True
1984-09-19,30.0,295.0,0,True
1984-10-01,41.0,322.0,0,True
1984-10-14,31.0,284.0,0,True
1984-10-16,37.0,274.0,0,True
1984-10-19,30.0,296.0,0,True
1984-10-25,33.0,286.0,0,True
1984-11-01,42.0,343.0,0,True
1984-11-05,42.0,400.0,0,True
1984-12-14,11.0,61.0,0,True
1984-12-19,31.0,48.0,0,True
1984-12-21,11.0,79.0,0,True
1985-01-04,11.0,66.0,0,True
1985-02-04,0.0,0.0,0,True
1985-02-05,0.0,0.0,0,True
1985-02-06,30.0,0.0,0,True
1985-02-07,11.0,30.0,0,True
1985-02-08,21.0,41.0,0,True
1985-02-10,30.0,62.0,0,True
1985-02-11,10.0,92.0,0,True
1985-02-16,30.0,109.0,0,True
1985-03-02,34.0,178.0,0,True
1985-03-04,30.0,223.0,0,True
1985-03-08,30.0,254.0,0,True
1985-03-28,30.0,153.0,0,True
1985-03-31,21.0,188.0,0,True
1985-04-03,31.0,178.0,0,True
1985-04-07,30.0,184.0,0,True
1985-04-27,41.0,151.0,0,True
1985-04-30,44.0,163.0,0,True
1985-05-05,31.0,161.0,0,True
1985-05-14,30.0,172.0,0,True
1985-05-24,30.0,235.0,0,True
1985-05-31,30.0,188.0,0,True
1985-06-05,31.0,180.0,0,True
1985-06-11,30.0,202.0,0,True
1985-06-17,30.0,180.0,0,True
1985-06-25,42.0,166.0,0,True
1985-06-29,30.0,194.0,0,True
1985-07-09,31.0,146.0,0,True
1985-07-14,30.0,155.0,0,True
1985-07-22,31.0,173.0,0,True
1985-07-30,24.0,176.0,0,True
1985-07-31,22.0,200.0,0,True
1985-08-05,35.0,236.0,0,True
1985-08-08,39.0,272.0,0,True
1985-08-16,33.0,311.0,0,True
1985-09-02,54.0,268.0,0,True
1985-09-07,40.0,273.0,0,True
1985-09-08,45.0,274.0,0,True
1985-09-09,57.0,319.0,0,True
1985-09-10,83.0,376.0,0,True
1985-09-11,80.0,459.0,0,True
1985-09-12,89.0,521.0,0,True
1985-09-13,125.0,586.0,0,True
1985-09-14,115.0,700.0,0,True
1985-09-15,130.0,797.0,0,True
1985-09-17,130.0,880.0,0,True
1985-10-20,43.0,234.0,0,True
1985-10-23,35.0,277.0,0,True
1985-10-26,39.0,333.0,0,True
1985-11-13,50.0,349.0,0,True
1985-11-15,65.0,386.0,0,True
1985-11-20,73.0,372.0,0,True
1985-11-22,74.0,445.0,0,True
1985-11-23,76.0,484.0,0,True
1985-11-29,69.0,413.0,0,True
1985-12-01,125.0,482.0,0,True
1985-12-02,130.0,607.0,0,True
1985-12-03,132.0,725.0,0,True
1985-12-06,135.0,880.0,0,True
1987-01-01,0.0,0.0,0,True
1987-01-02,0.0,0.0,0,True
1987-01-03,0.0,0.0,0,True
1987-01-04,0.0,0.0,0,True
1987-01-05,0.0,0.0,0,True
1987-01-06,0.0,0.0,0,True
1987-01-07,0.0,0.0,0,True
1987-01-08,0.0,0.0,0,True
1987-01-09,0.0,0.0,0,True
1987-01-10,0.0,0.0,0,True
1987-01-11,0.0,0.0,0,True
1987-01-12,0.0,0.0,0,True
1987-01-13,0.0,0.0,0,True
1987-01-14,0.0,0.0,0,True
1987-01-15,0.0,0.0,0,True
1987-01-16,0.0,0.0,0,True
1987-01-17,0.0,0.0,0,True
1987-01-18,22.0,0.0,0,True
1987-01-21,18.0,22.0,0,True
1987-01-22,83.0,40.0,0,True
1987-02-06,32.0,123.0,0,True
1987-02-07,56.0,155.0,0,True
1987-02-09,46.0,225.0,0,True
1987-02-11,68.0,298.0,0,True
1987-02-12,50.0,366.0,0,True
1987-03-04,38.0,361.0,0,True
1987-03-15,25.0,106.0,0,True
1987-03-16,15.0,90.0,0,True
1987-03-17,18.0,87.0,0,True
1987-04-01,32.0,103.0,0,True
1987-04-02,98.0,135.0,0,True
1987-04-07,89.0,205.0,0,True
1987-04-08,76.0,294.0,0,True
1987-04-09,53.0,370.0,0,True
1987-04-24,72.0,458.0,0,True
1987-04-25,93.0,530.0,0,True
1987-04-27,98.0,642.0,0,True
1987-04-30,86.0,782.0,0,True
1987-06-18,55.0,212.0,0,True
1987-06-23,18.0,169.0,0,True
1987-07-08,19.0,156.0,0,True
1987-07-16,25.0,191.0,0,True
1987-07-18,87.0,235.0,0,True
1987-07-21,31.0,257.0,0,True
1987-07-26,35.0,301.0,0,True
1987-08-02,73.0,503.0,0,True
1987-08-31,28.0,253.0,0,True
1987-09-02,42.0,188.0,0,True
1987-09-04,31.0,248.0,0,True
1987-09-06,26.0,252.0,0,True
1987-09-12,31.0,241.0,0,True
1987-09-27,45.0,399.0,0,True
1987-09-29,52.0,480.0,0,True
1987-10-08,91.0,493.0,0,True
1987-11-19,35.0,223.0,0,True
1987-11-24,31.0,230.0,0,True
1987-12-05,21.0,167.0,0,True
1987-12-28,19.0,132.0,0,True
1989-01-01,19.0,0.0,0,True
1989-01-02,13.0,19.0,0,True
1989-01-03,9.0,32.0,0,True
1989-01-05,41.0,41.0,0,True
1989-01-07,32.0,82.0,0,True
1989-01-08,28.0,114.0,0,True
1989-01-09,53.0,142.0,0,True
1989-01-10,22.0,195.0,0,True
1989-01-17,38.0,229.0,0,True
1989-01-21,33.0,303.0,0,True
1989-02-06,92.0,316.0,0,True
1989-03-06,33.0,175.0,0,True
1989-03-10,19.0,119.0,0,True
1989-03-13,19.0,138.0,0,True
1989-03-16,36.0,171.0,0,True
1989-03-21,81.0,220.0,0,True
1989-03-22,32.0,301.0,0,True
1989-03-23,71.0,322.0,0,True
1989-04-23,19.0,116.0,0,True
1989-04-27,15.0,145.0,0,True
1989-04-30,30.0,155.0,0,True
1989-05-07,21.0,156.0,0,True
1989-05-13,30.0,169.0,0,True
1989-05-22,64.0,204.0,0,True
1989-06-06,30.0,259.0,0,True
1989-06-11,31.0,272.0,0,True
1989-06-12,82.0,298.0,0,True
1989-07-05,42.0,309.0,0,True
1989-07-20,32.0,135.0,0,True
1989-07-21,22.0,159.0,0,True
1989-07-26,38.0,156.0,0,True
1989-08-05,39.0,173.0,0,True
1989-08-09,31.0,222.0,0,True
1989-08-16,35.0,264.0,0,True
1989-08-17,62.0,299.0,0,True
1989-08-19,51.0,359.0,0,True
1989-08-20,46.0,378.0,0,True
1989-08-27,41.0,401.0,0,True
1989-08-30,53.0,473.0,0,True
1989-10-04,80.0,654.0,0,True
1989-10-15,71.0,652.0,0,True
1989-10-29,88.0,674.0,0,True
1989-10-30,98.0,748.0,0,True
1989-12-24,17.0,151.0,0,True
1990-01-01,16.0,79.0,0,True
1990-01-02,28.0,89.0,0,True
1990-01-07,12.0,101.0,0,True
1990-01-12,33.0,100.0,0,True
1990-01-13,18.0,133.0,0,True
1990-01-18,33.0,159.0,0,True
1990-02-05,22.0,149.0,0,True
1990-02-16,19.0,127.0,0,True
1990-02-17,92.0,138.0,0,True
1990-03-11,31.0,194.0,0,True
1990-03-20,15.0,149.0,0,True
1990-03-25,98.0,153.0,0,True
1990-03-26,33.0,232.0,0,True
1990-04-15,96.0,231.0,0,True
1990-04-19,33.0,308.0,0,True
1990-04-22,44.0,352.0,0,True
1990-04-25,41.0,344.0,0,True
1990-04-26,56.0,352.0,0,True
1990-04-27,66.0,408.0,0,True
1990-05-01,61.0,581.0,0,True
1990-05-29,56.0,464.0,0,True
1990-06-13,62.0,308.0,0,True
1990-06-25,32.0,237.0,0,True
1990-07-03,42.0,244.0,0,True
1990-07-04,31.0,286.0,0,True
1990-07-05,65.0,317.0,0,True
1990-07-08,52.0,363.0,0,True
1990-07-25,56.0,466.0,0,True
1990-08-16,33.0,191.0,0,True
1990-08-26,19.0,137.0,0,True
1990-08-27,31.0,151.0,0,True
1990-08-28,42.0,171.0,0,True
1990-09-04,31.0,247.0,0,True
1990-09-09,52.0,268.0,0,True
1990-09-13,66.0,331.0,0,True
1990-10-11,56.0,317.6,0,True
1990-10-18,41.0,338.6,0,True
1990-10-21,52.0,423.6,0,True
1990-10-24,66.0,496.6,0,True
1990-12-05,32.0,201.0,0,True
1990-12-07,56.0,223.0,0,True
1990-12-24,18.0,160.0,0,True
1991-01-08,3.0,29.0,0,True
1991-01-28,3.0,7.0,0,True
1991-02-04,12.0,8.0,0,True
1991-02-05,19.0,20.0,0,True
1991-02-14,5.0,35.0,0,True
1991-02-17,29.0,40.0,0,True
1991-02-23,17.0,76.0,0,True
1991-02-24,31.0,93.0,0,True
1991-02-25,18.0,124.0,0,True
1991-03-03,19.0,168.0,0,True
1991-03-04,34.0,187.0,0,True
1991-03-07,39.0,229.0,0,True
1991-03-09,41.0,267.0,0,True
1991-03-10,62.0,308.0,0,True
1991-03-28,53.0,346.0,0,True
1991-04-08,29.0,243.0,0,True
1991-04-09,33.0,231.0,0,True
1991-04-10,21.0,202.0,0,True
1991-04-17,45.0,272.0,0,True
1991-04-27,45.0,289.0,0,True
1991-05-16,64.0,298.0,0,True
1991-06-06,39.0,315.0,0,True
1991-06-19,36.0,228.0,0,True
1991-06-29,31.0,240.0,0,True
1991-06-30,52.0,271.0,0,True
1991-07-06,35.0,329.0,0,True
1991-07-07,52.0,325.0,0,True
1991-08-26,18.0,176.0,0,True
1991-09-08,11.0,68.0,0,True
1991-09-09,18.0,79.0,0,True
1991-09-14,25.0,78.0,0,True
1991-09-15,19.0,103.0,0,True
1991-09-16,28.0,122.0,0,True
1991-09-17,24.0,150.0,0,True
1991-09-19,34.0,169.0,0,True
1991-09-20,21.0,203.0,0,True
1991-09-21,31.0,224.0,0,True
1991-09-25,44.0,276.0,0,True
1991-09-26,51.0,302.0,0,True
1991-10-08,45.0,438.0,0,True
1991-10-27,55.0,399.0,0,True
1991-11-21,31.0,306.0,0,True
1991-12-13,18.0,158.0,0,True
1991-12-15,33.0,184.0,0,True
1991-12-19,41.0,211.0,0,True
1992-01-17,8.0,56.0,0,True
1992-02-09,19.0,17.0,0,True
1992-02-20,33.0,19.0,0,True
1992-02-29,8.0,52.0,0,True
1992-03-01,11.0,60.0,0,True
1992-03-02,22.0,71.0,0,True
1992-03-08,11.0,98.0,0,True
1992-03-12,18.0,104.0,0,True
1992-04-06,91.0,43.0,0,True
1992-04-07,33.0,134.0,0,True
1992-04-18,31.0,156.0,0,True
1992-04-22,22.0,187.0,0,True
1992-04-26,51.0,230.0,0,True
1992-04-27,42.0,281.0,0,True
1992-05-10,41.0,400.0,0,True
1992-05-18,62.0,549.0,0,True
1992-06-26,13.0,111.0,0,True
1992-06-30,35.0,97.0,0,True
1992-07-01,18.0,123.0,0,True
1992-07-02,22.0,135.0,0,True
1992-07-03,25.0,145.0,0,True
1992-07-11,81.0,192.0,0,True
1992-08-10,41.0,356.0,0,True
1992-09-07,41.0,332.0,0,True
1992-09-23,33.0,284.0,0,True
1992-10-09,32.0,291.0,0,True
1992-10-24,33.0,231.0,0,True
1992-11-06,31.0,235.0,0,True
1992-11-08,38.0,244.0,0,True
1992-11-12,31.0,269.0,0,True
1992-11-20,41.0,304.0,0,True
1992-11-23,42.0,337.0,0,True
1993-01-07,15.0,99.0,0,True
1993-01-11,6.0,58.0,0,True
1993-01-16,53.0,24.0,1,True
1993-01-28,11.0,77.0,0,True
1993-03-08,6.0,5.0,0,True
1993-03-11,9.0,6.0,0,True
1993-03-13,5.0,15.0,0,True
1993-03-16,41.0,20.0,0,True
1993-03-17,7.0,61.0,0,True
1993-03-24,10.0,85.0,0,True
1993-03-25,14.0,95.0,0,True
1993-04-07,15.0,140.0,0,True
1993-04-08,21.0,149.0,0,True
1993-04-18,18.0,172.0,0,True
1993-06-01,0.0,0.0,0,True
1993-06-02,0.0,0.0,0,True
1993-06-03,0.0,0.0,0,True
1993-06-04,10.0,0.0,0,True
1993-06-05,6.0,10.0,0,True
1993-06-06,12.0,16.0,0,True
1993-06-15,6.0,32.0,0,True
1993-06-22,26.0,42.0,0,True
1993-06-23,19.0,68.0,0,True
1993-06-27,33.0,93.0,0,True
1993-06-29,19.0,126.0,0,True
1993-07-01,20.0,145.0,0,True
1993-07-09,28.0,160.0,0,True
1993-07-24,28.0,175.0,0,True
1993-07-31,23.0,187.0,0,True
1993-08-09,27.0,137.0,0,True
1993-08-10,22.0,152.0,0,True
1993-08-15,45.0,176.0,0,True
1993-08-16,25.0,221.0,0,True
1993-08-17,30.0,246.0,0,True
1993-08-26,28.0,273.0,0,True
1993-09-03,37.0,246.0,0,True
1993-09-05,50.0,288.0,0,True
1993-09-23,39.0,307.0,0,True
1993-10-03,37.0,313.0,0,True
1993-10-09,25.0,237.0,0,True
1993-10-14,20.0,190.0,0,True
1993-11-03,25.0,149.0,0,True
1993-11-09,30.0,166.0,0,True
1993-11-17,33.0,215.0,0,True
1993-11-23,25.0,226.0,0,True
1993-12-14,21.0,156.0,0,True
1994-01-03,5.0,40.0,0,True
1994-01-13,6.0,34.0,0,True
1994-02-01,5.0,14.0,0,True
1994-02-03,3.0,14.0,0,True
1994-02-04,20.0,17.0,0,True
1994-02-08,6.0,36.0,0,True
1994-02-18,6.0,37.0,0,True
1994-02-20,14.0,43.0,0,True
1994-02-21,6.0,57.0,0,True
1994-02-23,15.0,65.0,0,True
1994-02-24,15.0,80.0,0,True
1994-02-26,14.0,96.0,0,True
1994-03-23,12.0,59.0,0,True
1994-03-29,19.0,22.0,0,True
1994-03-30,25.0,41.0,0,True
1994-03-31,25.0,65.0,0,True
1994-04-02,24.0,93.0,0,True
1994-04-04,20.0,117.0,0,True
1994-04-05,22.0,137.0,0,True
1994-04-09,20.0,168.0,0,True
1994-04-12,23.0,207.0,0,True
1994-05-22,22.0,147.0,0,True
1994-06-01,20.0,145.0,0,True
1994-06-02,23.0,154.0,0,True
1994-06-04,31.0,177.0,0,True
1994-06-12,28.0,212.0,0,True
1994-06-21,41.0,271.0,0,True
1994-06-28,25.0,243.0,0,True
1994-06-29,41.0,259.0,0,True
1994-07-03,46.0,295.0,0,True
1994-08-05,39.0,96.0,0,True
1994-08-08,14.0,113.0,0,True
1994-08-11,21.0,128.0,1,True
1994-08-12,46.0,149.0,0,True
1994-08-14,35.0,201.0,0,True
1994-08-15,47.0,236.0,0,True
1994-08-30,37.0,322.0,0,True
1994-09-23,18.0,146.0,0,True
1994-09-24,26.0,157.0,0,True
1994-09-25,18.0,166.0,0,True
1994-09-26,46.0,184.0,0,True
1994-09-27,30.0,224.0,0,True
1994-10-04,28.0,194.0,0,True
1994-10-12,31.0,296.0,0,True
1994-10-23,47.0,402.0,0,True
1994-11-23,20.0,159.0,0,True
1994-11-25,27.0,172.0,0,True
1994-12-20,20.0,73.0,0,True
1995-01-13,6.0,22.0,0,True
1995-01-15,8.0,28.0,0,True
1995-01-21,18.0,15.0,0,True
1995-02-17,5.0,21.0,0,True
1995-02-20,6.0,26.0,0,True
1995-03-03,2.0,13.0,0,True
1995-03-06,5.0,14.0,0,True
1995-03-10,2.0,19.0,0,True
1995-03-14,6.0,21.0,0,True
1995-03-20,13.0,24.0,0,True
1995-03-24,6.0,32.0,0,True
1995-03-26,5.0,38.0,0,True
1995-03-29,9.0,45.0,0,True
1995-03-30,12.0,54.0,0,True
1995-04-15,7.0,63.0,0,True
1995-04-21,13.0,55.0,0,True
1995-04-24,15.0,64.0,0,True
1995-04-25,22.0,79.0,0,True
1995-04-26,24.0,96.0,0,True
1995-04-27,20.0,118.0,0,True
1995-04-30,19.0,118.0,0,True
1995-05-05,54.0,150.0,0,True
1995-05-13,24.0,213.0,0,True
1995-06-01,34.0,271.0,0,True
1995-06-05,35.0,296.0,0,True
1995-07-15,18.0,170.0,0,True
1995-07-20,35.0,192.0,0,True
1995-07-21,40.0,227.0,0,True
1995-08-05,29.0,269.0,0,True
1995-09-08,24.0,155.0,0,True
1995-09-09,18.0,171.0,0,True
1995-09-16,25.0,187.0,0,True
1995-09-23,21.0,184.0,0,True
1995-09-25,53.0,186.0,0,True
1995-10-10,22.0,192.0,0,True
1995-10-15,31.0,236.0,0,True
1995-11-22,25.0,71.0,0,True
1995-12-03,35.0,85.0,0,True
1995-12-04,25.0,115.0,0,True
1995-12-05,14.0,131.0,0,True
1995-12-11,13.0,126.0,0,True
1996-01-08,9.0,43.0,0,True
1996-01-13,11.0,30.0,0,True
1996-01-17,7.0,40.0,0,True
1996-01-21,8.0,40.0,0,True
1996-01-22,5.0,48.0,0,True
1996-02-03,5.0,46.0,0,True
1996-02-09,10.0,44.0,0,True
1996-02-22,8.0,27.0,0,True
1996-02-23,13.0,35.0,0,True
1996-02-28,7.0,55.0,0,True
1996-02-29,8.0,62.0,0,True
1996-03-01,13.0,70.0,0,True
1996-03-02,20.0,83.0,0,True
1996-03-07,16.0,115.0,0,True
1996-04-10,10.0,84.0,0,True
1996-04-11,15.0,91.0,0,True
1996-04-22,33.0,76.0,0,True
1996-04-23,18.0,109.0,0,True
1996-04-27,20.0,137.0,0,True
1996-05-07,18.0,169.0,0,True
1996-05-16,30.0,239.0,0,True
1996-05-18,42.0,291.0,0,True
1996-05-25,33.0,293.0,0,True
1996-06-14,45.0,328.0,0,True
1996-07-01,35.0,254.0,0,True
1996-07-19,38.0,295.0,0,True
1996-07-20,68.0,308.0,0,True
1996-08-04,35.0,283.0,0,True
1996-08-17,43.0,271.0,0,True
1996-09-19,42.0,164.0,0,True
1996-09-20,25.0,187.0,0,True
1996-09-25,27.0,183.0,0,True
1996-09-28,42.0,210.0,0,True
1996-10-04,25.0,232.0,0,True
1996-11-02,34.0,320.0,0,True
1996-11-14,27.0,210.0,0,True
1996-11-17,25.0,222.0,0,True
1996-11-25,28.0,194.0,0,True
1997-01-01,8.0,33.0,0,True
1997-01-09,5.0,27.0,0,True
1997-01-10,10.0,32.0,0,True
1997-01-11,7.0,42.0,0,True
1997-01-24,4.0,34.0,0,True
1997-02-08,9.0,30.0,0,True
1997-02-10,3.0,24.0,0,True
1997-02-11,34.0,20.0,0,True
1997-02-12,6.0,54.0,0,True
1997-02-14,13.0,60.0,0,True
1997-02-17,18.0,75.0,0,True
1997-02-23,10.0,99.0,0,True
1997-02-26,16.0,110.0,0,True
1997-03-12,33.0,133.0,0,True
1997-03-16,14.0,123.0,0,True
1997-03-17,14.0,124.0,0,True
1997-03-30,11.0,99.0,0,True
1997-04-19,23.0,114.0,0,True
1997-04-20,29.0,137.0,0,True
1997-04-21,20.0,156.0,0,True
1997-05-10,26.0,172.0,0,True
1997-06-13,35.0,94.0,0,True
1997-06-18,31.0,116.0,0,True
1997-07-29,18.0,43.0,0,True
1997-07-30,11.0,55.0,0,True
1997-07-31,26.0,66.0,0,True
1997-08-23,10.0,81.0,0,True
1997-09-01,3.0,29.0,0,True
1997-09-02,19.0,32.0,0,True
1997-09-06,12.0,53.0,0,True
1997-09-07,8.0,65.0,0,True
1997-09-08,26.0,73.0,0,True
1997-09-21,19.0,84.0,0,True
1997-09-22,18.0,103.0,0,True
1997-09-23,21.0,111.0,0,True
1997-10-16,40.0,109.0,0,True
1997-10-21,16.0,151.0,0,True
1997-11-06,10.0,77.0,0,True
1997-11-07,25.0,87.0,0,True
1997-11-08,13.0,112.0,0,True
1997-11-13,25.0,134.0,0,True
1998-01-06,0.0,0.0,0,True
1998-01-07,0.0,0.0,0,True
1998-01-08,0.0,0.0,0,True
1998-01-09,0.0,0.0,0,True
1998-01-10,0.0,0.0,0,True
1998-01-11,0.0,0.0,0,True
1998-01-12,0.0,0.0,0,True
1998-01-13,0.0,0.0,0,True
1998-01-14,0.0,0.0,0,True
1998-01-15,0.0,0.0,0,True
1998-01-16,5.0,0.0,0,True
1998-01-30,2.0,5.0,0,True
1998-01-31,4.0,7.0,0,True
1998-02-04,5.0,11.0,0,True
1998-02-07,24.0,16.0,0,True
1998-02-23,4.0,39.0,0,True
1998-03-07,4.0,35.0,0,True
1998-03-09,15.0,39.0,0,True
1998-03-20,3.0,28.0,0,True
1998-03-24,12.0,33.0,0,True
1998-03-28,16.0,46.0,0,True
1998-03-29,17.0,62.0,0,True
1998-04-04,12.0,96.0,0,True
1998-04-09,12.0,104.0,0,True
1998-04-10,33.0,116.0,0,True
1998-04-12,20.0,152.0,0,True
1998-04-19,22.0,202.0,0,True
1998-04-24,29.0,207.0,0,True
1998-05-01,35.0,230.0,0,True
1998-05-03,42.0,262.0,0,True
1998-05-25,27.0,240.0,0,True
1998-06-06,32.0,205.0,0,True
1998-06-15,32.0,248.0,0,True
1998-06-20,35.0,304.0,0,True
1998-06-22,42.0,329.0,0,True
1998-07-04,40.0,329.0,0,True
1998-07-09,47.0,331.0,0,True
1998-07-23,34.0,296.0,0,True
1998-08-14,32.0,212.0,0,True
1998-08-29,20.0,187.0,0,True
1998-09-03,23.0,215.0,0,True
1998-09-10,26.0,243.0,0,True
1998-09-14,26.0,249.0,0,True
1998-10-01,35.0,226.0,0,True
1998-11-04,14.0,98.0,0,True
1998-11-11,10.0,98.0,0,True
1998-11-14,27.0,95.0,0,True
1998-11-19,15.0,107.0,0,True
1998-11-20,12.0,120.0,0,True
1998-11-21,15.0,128.0,0,True
1998-11-22,28.0,139.0,0,True
1998-12-02,24.0,164.0,0,True
1998-12-08,22.0,197.0,0,True
1998-12-25,23.0,127.0,0,True
1998-12-26,24.0,148.0,0,True
1998-12-28,18.0,175.0,0,True
1999-01-08,12.0,101.0,0,True
1999-01-22,24.0,121.0,0,True
1999-02-11,18.0,37.0,0,True
1999-02-13,10.0,55.0,0,True
1999-02-15,12.0,67.0,0,True
1999-02-17,25.0,79.0,0,True
1999-02-24,34.0,89.0,0,True
1999-03-10,20.0,143.0,0,True
1999-03-11,24.0,163.0,0,True
1999-04-04,24.0,117.0,0,True
1999-04-06,19.0,141.0,0,True
1999-04-09,36.0,175.0,0,True
1999-04-22,24.0,191.0,0,True
1999-04-24,36.0,214.0,0,True
1999-04-30,31.0,282.0,0,True
1999-05-11,43.0,296.0,0,True
1999-06-04,42.0,239.0,0,True
1999-06-20,25.0,214.0,0,True
1999-06-26,30.0,240.0,0,True
1999-06-27,29.0,270.0,0,True
1999-07-06,25.0,244.0,0,True
1999-07-13,39.0,227.0,0,True
1999-07-23,47.0,249.0,0,True
1999-07-28,48.0,212.0,0,True
1999-08-03,39.0,253.0,0,True
1999-08-13,25.0,248.0,0,True
1999-09-03,20.0,167.0,0,True
1999-09-06,20.0,189.0,0,True
1999-09-13,40.0,192.0,0,True
1999-09-15,24.0,220.0,0,True
1999-10-22,23.0,213.0,0,True
1999-11-11,38.0,164.0,0,True
1999-11-13,32.0,212.0,0,True
1999-11-14,34.0,232.0,0,True
1999-12-04,22.0,185.0,0,True
2000-01-07,7.0,38.0,0,True
2000-01-18,2.0,15.0,0,True
2000-01-20,16.0,17.0,0,True
2000-01-21,6.0,31.0,0,True
2000-01-27,25.0,32.0,0,True
2000-01-31,15.0,59.0,0,True
2000-02-01,15.0,74.0,0,True
2000-02-05,10.0,89.0,0,True
2000-02-24,13.0,97.0,0,True
2000-03-02,8.0,77.0,0,True
2000-03-03,8.0,70.0,0,True
2000-03-25,7.0,58.0,0,True
2000-03-29,10.0,59.0,0,True
2000-04-03,5.0,47.0,0,True
2000-04-05,7.0,52.0,0,True
2000-04-07,10.0,64.0,0,True
2000-04-11,9.0,73.0,0,True
2000-04-13,12.0,78.0,0,True
2000-04-16,14.0,87.0,0,True
2000-04-19,24.0,115.0,0,True
2000-04-24,18.0,151.0,0,True
2000-05-04,25.0,205.0,0,True
2000-07-01,30.0,296.0,0,True
2000-07-04,33.0,304.0,0,True
2000-08-15,55.0,320.0,0,True
2000-08-17,45.0,374.0,0,True
2000-08-27,40.0,315.0,0,True
2000-08-28,65.0,335.0,0,True
2000-08-30,38.0,373.0,0,True
2000-09-03,70.0,423.0,0,True
2000-11-17,18.0,179.0,0,True
2000-12-18,9.0,31.0,0,True
2000-12-23,13.0,42.0,0,True
2000-12-24,6.0,55.0,0,True
2000-12-27,10.0,56.0,0,True
2000-12-29,14.0,63.0,0,True
2001-01-18,30.0,61.0,0,True
2001-01-19,20.0,91.0,0,True
2001-02-17,10.0,69.0,0,True
2001-02-18,5.0,49.0,0,True
2001-02-19,4.0,34.0,0,True
2001-02-26,5.0,30.0,0,True
2001-03-03,10.0,35.0,0,True
2001-03-05,10.0,45.0,0,True
2001-03-06,11.0,55.0,0,True
2001-03-07,32.0,66.0,0,True
2001-04-11,12.0,87.0,0,True
2001-04-16,11.0,105.0,0,True
2001-04-18,14.0,113.0,0,True
2001-04-27,20.0,96.0,0,True
2001-04-30,21.0,133.0,0,True
2001-05-13,21.0,178.0,0,True
2001-05-18,36.0,206.0,0,True
2001-06-18,32.0,225.0,0,True
2001-07-05,22.0,155.0,0,True
2001-07-10,35.0,164.0,0,True
2001-07-18,20.0,193.0,0,True
2001-07-22,22.0,197.0,0,True
2001-08-25,6.0,58.0,0,True
2001-08-28,40.0,51.0,0,True
2001-09-04,9.0,90.0,0,True
2001-09-08,20.0,97.0,0,True
2001-09-17,20.0,159.0,0,True
2001-09-29,26.0,177.0,0,True
2001-10-17,25.0,151.0,0,True
2001-10-18,20.0,156.0,0,True
2001-10-27,35.0,161.0,0,True
2001-10-28,24.0,196.0,0,True
2001-10-30,25.0,204.0,0,True
2001-11-05,30.0,253.0,0,True
2001-12-10,34.0,84.0,0,True
2002-01-16,8.0,34.0,0,True
2002-01-19,5.0,37.0,0,True
2002-02-01,3.0,20.0,0,True
2002-02-03,6.0,23.0,0,True
2002-02-09,3.0,29.0,0,True
2002-02-12,4.0,30.0,0,True
2002-02-14,5.0,34.0,0,True
2002-02-20,5.0,30.0,0,True
2002-03-02,6.0,32.0,0,True
2002-03-13,6.0,26.0,0,True
2002-03-15,12.0,31.0,0,True
2002-03-17,56.0,38.0,0,True
2002-03-23,30.0,109.0,0,True
2002-03-24,40.0,137.0,0,True
2002-03-27,20.0,177.0,0,True
2002-03-28,40.0,197.0,0,True
2002-04-24,20.0,198.0,0,True
2002-05-01,20.0,180.0,0,True
2002-05-14,23.0,210.0,0,True
2002-05-28,40.0,261.0,0,True
2002-06-01,30.0,280.0,0,True
2002-07-03,38.0,83.0,0,True
2002-07-21,10.0,78.0,0,True
2002-07-23,10.0,88.0,0,True
2002-08-03,10.0,70.0,0,True
2002-08-05,15.0,76.0,0,True
2002-08-08,10.0,81.0,0,True
2002-08-09,15.0,91.0,0,True
2002-08-12,18.0,90.0,0,True
2002-08-19,12.0,110.0,0,True
2002-08-20,20.0,122.0,0,True
2002-08-22,20.0,132.0,0,True
2002-08-26,15.0,147.0,0,True
2002-09-15,25.0,154.0,0,True
2002-09-16,20.0,179.0,0,True
2002-09-17,28.0,199.0,0,True
2002-10-06,18.0,164.0,0,True
2002-10-22,12.0,110.0,0,True
2002-10-23,14.0,112.0,0,True
2002-10-24,16.0,126.0,0,True
2002-10-29,17.0,148.0,0,True
2002-11-07,20.0,177.0,0,True
2002-12-02,7.0,55.0,0,True
2002-12-04,8.0,44.0,0,True
2002-12-09,10.0,30.0,0,True
2002-12-10,12.0,40.0,0,True
2002-12-11,20.0,52.0,0,True
2002-12-12,15.0,72.0,0,True
2002-12-13,18.0,87.0,0,True
2002-12-15,20.0,112.0,0,True
2002-12-17,15.0,144.0,0,True
2003-01-04,15.0,140.0,0,True
2003-02-04,0.0,0.0,0,True
2003-02-05,5.0,0.0,0,True
2003-02-06,20.0,5.0,0,True
2003-02-07,10.0,25.0,0,True
2003-02-08,5.0,35.0,0,True
2003-02-10,5.0,42.0,0,True
2003-02-11,10.0,47.0,0,True
2003-02-13,15.0,60.0,0,True
2003-02-16,10.0,75.0,0,True
2003-02-26,21.0,94.0,0,True
2003-03-11,20.0,75.0,0,True
2003-03-15,9.0,86.0,0,True
2003-03-16,10.0,80.0,0,True
2003-03-19,11.0,82.0,0,True
2003-03-25,18.0,91.0,0,True
2003-03-30,10.0,90.0,0,True
2003-03-31,10.0,100.0,0,True
2003-04-04,20.0,128.0,0,True
2003-04-10,19.0,153.0,0,True
2003-04-11,25.0,152.0,0,True
2003-04-13,20.0,180.0,0,True
2003-04-14,21.0,196.0,0,True
2003-04-15,30.0,208.0,0,True
2003-05-15,60.0,242.0,0,True
2003-05-29,45.0,314.0,0,True
2003-06-18,42.0,350.0,0,True
2003-07-28,15.0,139.0,0,True
2003-08-05,25.0,120.0,0,True
2003-08-14,15.0,110.0,1,True
2003-08-18,20.0,115.0,0,True
2003-08-25,15.0,126.0,0,True
2004-03-17,0.0,0.0,0,True
2004-03-18,0.0,0.0,0,True
2004-03-19,15.0,0.0,0,True
2004-03-21,10.0,15.0,0,True
2004-03-22,9.0,25.0,0,True
2004-03-25,15.0,34.0,0,True
2004-03-26,15.0,49.0,0,True
2004-03-27,10.0,64.0,0,True
2004-03-29,10.0,74.0,0,True
2004-03-30,10.0,84.0,0,True
2004-04-15,15.0,132.0,0,True
2004-04-20,15.0,149.0,0,True
2004-05-05,13.0,118.0,0,True
2004-06-27,7.0,36.0,0,True
2004-06-28,5.0,38.0,0,True
2004-07-01,5.0,43.0,0,True
2004-07-06,6.0,44.0,0,True
2004-07-12,9.0,47.0,0,True
2004-07-13,7.0,56.0,0,True
2004-07-18,8.0,79.0,0,True
2004-07-22,32.0,89.0,0,True
2004-07-23,35.0,121.0,0,True
2004-07-25,32.0,158.0,0,True
2004-07-28,62.0,190.0,0,True
2004-08-21,21.0,201.0,0,True
2004-08-30,11.0,62.0,0,True
2004-09-04,15.0,73.0,0,True
2004-09-05,9.0,88.0,0,True
2004-09-06,11.0,95.0,0,True
2004-09-13,15.0,126.0,0,True
2004-10-06,15.0,87.0,0,True
2004-10-09,15.0,89.0,0,True
2004-10-10,47.0,102.0,0,True
2004-10-27,15.0,126.0,0,True
2004-10-29,19.0,147.0,0,True
2004-11-01,32.0,177.0,0,True
2004-11-03,23.0,208.0,0,True
2004-11-04,35.0,231.0,0,True
2004-11-06,38.0,268.0,0,True
2004-12-10,12.0,57.0,0,True
2004-12-11,32.0,65.0,0,True
2004-12-12,10.0,95.0,0,True
2005-01-10,9.0,64.0,0,True
2005-01-11,6.0,41.0,0,True
2005-01-16,22.0,26.0,0,True
2005-01-24,8.0,57.0,0,True
2005-02-09,45.0,61.0,0,True
2005-02-16,10.0,85.0,0,True
2005-03-05,9.0,83.0,0,True
2005-03-06,20.0,92.0,0,True
2005-03-19,14.0,38.0,0,True
2005-03-23,35.0,52.2,0,True
2005-03-24,15.0,87.2,0,True
2005-03-29,20.0,111.2,0,True
2005-04-02,18.0,130.2,0,True
2005-04-07,20.0,113.10000000000001,0,True
2005-04-08,55.0,133.10000000000002,0,True
2005-04-27,33.0,254.3,0,True
2005-05-02,30.0,267.5,0,True
2005-05-03,40.0,279.50000000000006,0,True
2005-05-13,30.0,276.6,0,True
2005-05-17,57.0,335.59999999999997,0,True
2005-06-05,37.0,321.2,0,True
2005-06-06,51.0,356.2,0,True
2005-06-08,48.0,393.2,0,True
2005-07-21,30.0,272.20000000000005,0,True
2005-08-15,47.0,81.0,0,True
2005-08-16,29.0,123.0,0,True
2005-08-17,30.0,151.0,0,True
2005-08-28,34.0,149.7,0,True
2005-09-06,46.0,212.5,0,True
2005-09-27,24.0,210.39999999999998,0,True
2005-09-28,27.0,200.39999999999998,0,True
2005-10-01,29.0,228.79999999999998,0,True
2005-10-02,36.0,250.79999999999998,0,True
2005-10-17,47.0,325.6,0,True
2005-10-23,65.0,434.5,0,True
2005-10-30,46.0,443.5,0,True
2005-11-06,47.0,462.3,0,True
2005-12-20,19.0,102.6,0,True
2005-12-21,27.0,121.6,0,True
2005-12-24,15.0,139.0,0,True
2005-12-25,27.0,121.0,0,True
2006-01-27,11.0,10.4,0,True
2006-01-28,14.0,21.4,0,True
2006-01-29,25.0,35.4,0,True
2006-01-30,10.0,60.4,0,True
2006-02-01,10.0,70.69999999999999,0,True
2006-02-26,32.0,81.2,0,True
2006-03-04,7.8,47.6,0,True
2006-03-05,9.0,47.9,1,True
2006-03-06,16.0,53.9,0,True
2006-03-07,9.0,69.9,0,True
2006-03-08,16.0,78.9,0,True
2006-03-14,17.0,98.9,0,True
2006-03-17,32.0,115.9,0,True
2006-03-21,22.0,167.3,0,True
2006-03-22,35.0,189.3,0,True
2006-04-11,32.0,150.4,0,True
2006-04-17,19.0,157.8,0,True
2006-04-18,35.0,170.8,0,True
2006-04-24,29.0,122.4,0,True
2006-04-25,30.0,151.4,0,True
2006-04-27,37.0,192.4,0,True
2006-04-28,26.0,229.4,0,True
2006-07-13,4.0,28.5,0,True
2006-07-14,5.0,30.5,0,True
2006-07-15,14.0,28.5,0,True
2006-07-17,26.0,42.0,0,True
2006-07-21,12.0,61.0,0,True
2006-07-22,29.0,73.0,0,True
2006-07-25,20.0,110.0,0,True
2006-07-31,17.0,140.0,0,True
2006-08-08,18.0,166.1,0,True
2006-08-11,20.0,182.8,0,True
2006-08-15,27.0,180.8,0,True
2006-08-20,32.0,191.5,0,True
2006-08-25,47.0,168.5,0,True
2006-08-29,38.0,214.49999999999997,0,True
2006-09-02,46.0,236.59999999999997,0,True
2006-09-18,37.0,308.79999999999995,0,True
2006-10-11,15.0,126.7,0,True
2006-10-16,30.0,130.7,0,True
2006-10-17,25.0,159.0,0,True
2006-10-18,19.0,178.0,0,True
2006-10-24,35.0,166.0,0,True
2006-10-27,25.0,198.0,0,True
2006-11-14,30.0,257.0,0,True
2006-11-15,28.0,277.0,0,True
2006-12-26,27.0,132.0,0,True
2007-01-09,13.0,84.0,0,True
2007-01-15,18.0,83.0,0,True
2007-01-25,15.0,97.0,0,True
2007-02-11,6.0,57.0,0,True
2007-02-25,2.0,17.0,0,True
2007-02-26,11.2,18.0,0,True
2007-02-28,5.0,26.2,0,True
2007-03-04,4.0,30.2,0,True
2007-03-06,5.5,36.2,0,True
2007-03-16,18.0,46.7,0,True
2007-03-17,25.0,64.7,0,True
2007-03-27,20.0,103.7,0,True
2007-03-30,15.0,115.5,0,True
2007-04-08,15.0,148.0,0,True
2007-04-09,20.0,162.0,0,True
2007-04-24,24.0,181.0,0,True
2007-04-25,36.0,204.0,0,True
2007-05-15,31.0,261.5,1,True
2007-05-19,35.0,340.5,0,True
2007-05-21,40.0,362.5,0,True
2007-07-09,24.0,195.0,0,True
2007-07-10,22.0,218.0,0,True
2007-07-17,35.0,221.5,0,True
2007-07-27,30.0,226.0,0,True
2007-08-12,30.0,269.5,0,True
2007-09-03,34.9,343.0,0,True
2007-10-14,28.3,204.70000000000002,0,True
2007-10-16,23.8,237.70000000000002,0,True
2007-10-18,27.8,269.20000000000005,0,True
2007-12-23,11.3,67.60000000000001,0,True
2007-12-25,16.2,72.0,0,True
2007-12-26,12.8,88.2,0,True
2008-01-09,21.6,85.69999999999999,0,True
2008-01-15,10.0,92.39999999999999,0,True
2008-02-07,9.8,59.1,0,True
2008-02-09,5.3,46.5,0,True
2008-02-11,9.2,40.6,0,True
2008-02-13,8.9,49.800000000000004,0,True
2008-02-15,10.1,48.7,0,True
2008-02-16,9.9,58.8,0,True
2008-02-17,8.6,65.19999999999999,0,True
2008-02-19,14.2,77.3,0,True
2008-03-13,25.8,101.80000000000001,0,True
2008-03-19,12.8,96.79999999999998,0,True
2008-03-22,12.5,91.59999999999998,0,True
2008-03-23,17.3,95.99999999999999,0,True
2008-04-25,10.5,86.60000000000001,0,True
2008-04-26,13.8,97.10000000000001,0,True
2008-04-27,15.4,110.9,0,True
2008-05-03,15.8,133.09999999999997,0,True
2008-05-05,15.4,147.4,0,True
2008-05-19,25.9,172.20000000000005,0,True
2008-05-28,25.8,192.5,0,True
2008-06-02,25.9,211.40000000000003,0,True
2008-06-07,27.3,213.00000000000003,0,True
2008-06-09,25.9,247.40000000000006,0,True
2008-07-03,38.8,344.59999999999997,0,True
2008-08-29,23.7,149.70000000000002,0,True
2008-08-31,21.9,184.10000000000005,0,True
2008-09-14,17.4,153.8,0,True
2008-09-20,23.6,165.80000000000004,0,True
2008-09-22,18.2,181.60000000000002,0,True
2008-10-09,20.6,171.20000000000002,0,True
2008-10-11,33.2,191.8,0,True
2008-10-13,32.1,235.0,0,True
2008-10-17,51.5,303.40000000000003,0,True
2008-11-28,29.1,209.9,0,True
2008-12-21,27.4,101.5,0,True
2009-01-01,8.5,47.0,0,True
2009-01-05,11.4,60.7,0,True
2009-01-06,13.3,72.10000000000001,0,True
2009-01-08,8.0,77.2,0,True
2009-01-09,9.8,85.2,0,True
2009-01-16,16.5,99.50000000000001,0,True
2009-01-19,30.0,124.60000000000001,0,True
2009-02-11,22.0,112.4,0,True
2009-02-12,14.8,134.40000000000003,0,True
2009-03-06,15.6,95.7,0,True
2009-03-07,21.9,111.3,0,True
2009-03-13,14.6,130.0,0,True
2009-03-19,26.1,122.29999999999998,0,True
2009-04-20,13.8,70.70000000000002,0,True
2009-04-22,11.2,70.80000000000001,0,True
2009-04-25,12.8,70.7,0,True
2009-04-28,39.8,85.6,0,True
2009-05-02,26.0,132.79999999999998,0,True
2009-05-07,18.8,186.7,0,True
2009-06-05,40.2,121.0,0,True
2009-06-06,41.1,158.00000000000003,0,True
2009-06-09,27.8,177.5,0,True
2009-06-12,22.6,202.30000000000004,0,True
2009-06-14,34.3,236.30000000000004,0,True
2009-07-14,36.7,177.2,0,True
2009-07-30,34.2,167.0,0,True
2009-08-06,30.2,186.1,0,True
2009-08-13,24.6,223.89999999999998,0,True
2009-08-29,26.4,171.89999999999998,0,True
2009-09-03,16.4,159.89999999999998,0,True
2009-09-09,30.8,102.60000000000001,0,True
2009-09-14,17.7,106.69999999999997,0,True
2009-09-15,11.9,118.99999999999999,0,True
2009-09-17,15.7,143.20000000000002,0,True
2009-10-03,18.9,129.6,0,True
2009-10-11,22.9,103.2,0,True
2009-10-13,22.6,121.7,0,True
2009-10-19,22.4,103.19999999999999,0,True
2009-10-20,32.4,125.6,0,True
2009-11-02,45.5,209.7,0,True
2009-12-18,10.4,21.6,0,True
2009-12-19,8.1,30.700000000000003,0,True
2009-12-25,9.1,36.5,0,True
2010-01-25,1.3,3.8000000000000003,0,True
2010-01-26,3.6,5.1,0,True
2010-01-29,6.5,7.1000000000000005,0,True
2010-02-15,2.3,12.4,0,True
2010-02-24,20.4,17.299999999999997,0,True
2010-03-02,16.7,27.9,0,True
2010-03-08,8.7,53.1,0,True
2010-03-10,8.0,61.8,0,True
2010-03-29,5.7,54.2,0,True
2010-03-30,17.5,59.900000000000006,0,True
2010-03-31,18.3,77.4,0,True
2010-04-03,13.5,82.4,0,True
2010-04-05,32.8,96.80000000000001,0,True
2010-04-07,15.7,134.7,0,True
2010-04-11,15.1,137.20000000000002,0,True
2010-04-20,31.1,188.6,0,True
2010-05-04,40.2,211.2,0,True
2010-05-05,39.8,245.69999999999993,0,True
2010-05-13,29.1,290.59999999999997,0,True
2010-05-19,40.1,299.1,0,True
2010-06-02,50.4,441.2,0,True
2010-07-16,35.6,330.9999999999999,0,True
2010-07-25,41.0,313.9,0,True
2010-07-28,43.6,318.2,0,True
2010-08-08,37.5,371.90000000000003,0,True
2010-08-31,39.2,278.8,0,True
2010-09-07,34.9,319.3,0,True
2010-09-19,31.3,289.2,0,True
2010-10-04,53.6,331.20000000000005,0,True
2010-10-29,25.3,189.0,0,True
2010-10-31,29.9,203.10000000000002,0,True
2010-11-08,43.2,155.2,0,True
2010-11-28,27.9,235.50000000000003,0,True
2010-12-02,35.5,234.3,0,True
2010-12-26,23.8,190.70000000000002,0,True
2011-01-09,10.7,96.6,0,True
2011-02-01,13.1,35.4,0,True
2011-02-06,4.9,34.5,0,True
2011-02-07,5.5,39.4,0,True
2011-02-09,5.1,25.9,0,True
2011-02-10,7.2,31.0,0,True
2011-02-11,4.0,38.2,0,True
2011-02-13,14.3,42.199999999999996,0,True
2011-02-16,31.7,59.0,1,True
2011-02-17,24.2,90.7,0,True
2011-02-22,16.7,114.9,0,True
2011-03-02,26.2,152.70000000000002,0,True
2011-03-03,37.0,176.5,0,True
2011-04-01,34.5,206.79999999999995,0,True
2011-04-16,38.1,279.2,0,True
2011-04-25,52.3,357.8999999999999,0,True
2011-06-01,27.9,245.8,0,True
2011-06-23,31.0,164.59999999999997,0,True
2011-06-24,32.1,172.29999999999998,0,True
2011-07-11,36.4,195.29999999999998,0,True
2011-07-12,29.4,231.7,0,True
2011-07-13,39.5,261.1,0,True
2011-07-28,43.2,228.70000000000002,0,True
2011-08-11,46.8,259.0,0,True
2011-08-23,39.8,243.40000000000003,0,True
2011-09-06,41.1,192.70000000000002,0,True
2011-09-10,91.4,259.8,0,True
2011-10-14,32.1,214.59999999999997,0,True
2011-10-16,33.2,246.79999999999998,0,True
2011-11-17,17.6,137.90000000000003,0,True
2011-11-18,31.5,138.10000000000002,0,True
2011-11-28,32.6,196.4,0,True
2011-11-29,31.1,215.10000000000002,0,True
2012-01-05,7.7,71.3,0,True
2012-01-13,19.0,58.1,0,True
2012-01-17,14.0,57.2,0,True
2012-01-27,15.7,60.5,0,True
2012-03-01,1.2,10.600000000000001,0,True
2012-03-03,21.5,11.8,0,True
2012-03-04,18.7,33.3,0,True
2012-03-07,8.9,48.800000000000004,0,True
2012-03-08,24.9,56.30000000000001,0,True
2012-03-09,13.8,79.1,0,True
2012-03-12,17.4,90.10000000000001,0,True
2012-03-18,18.8,111.3,0,True
2012-04-11,28.9,138.89999999999998,0,True
2012-04-18,33.5,175.40000000000003,0,True
2012-04-21,28.3,194.29999999999998,0,True
2012-06-14,22.4,148.29999999999998,0,True
2012-06-15,38.9,170.7,0,True
2012-06-17,26.5,200.69999999999996,0,True
2012-06-20,22.5,207.1,0,True
2012-06-26,40.1,151.90000000000003,0,True
2012-06-30,35.2,218.70000000000002,0,True
2012-08-03,38.9,146.29999999999998,0,True
2012-08-05,29.3,180.79999999999998,0,True
2012-08-06,27.0,208.89999999999998,0,True
2012-08-13,43.4,223.60000000000002,0,True
2012-08-17,33.0,268.0,0,True
2012-08-19,44.6,318.40000000000003,0,True
2012-09-17,17.2,159.9,0,True
2012-09-28,34.6,68.6,0,True
2012-10-04,19.8,109.5,0,True
2012-10-05,14.2,119.30000000000003,0,True
2012-10-12,21.5,122.10000000000002,0,True
2012-10-16,17.8,165.09999999999997,0,True
2012-10-18,25.3,182.69999999999996,0,True
2012-10-19,23.4,204.8,0,True
2012-12-01,24.5,72.70000000000002,0,True
2012-12-02,13.8,97.2,0,True
2012-12-14,12.1,93.1,0,True
2012-12-19,7.3,72.0,0,True
2012-12-21,8.5,80.60000000000001,0,True
2012-12-27,11.7,82.3,0,True
2013-01-21,1.8,17.0,0,True
2013-01-24,3.4,15.7,0,True
2013-02-01,1.1,7.4,0,True
2013-02-02,3.4,8.5,0,True
2013-02-03,12.4,11.900000000000002,0,True
2013-02-10,4.8,28.2,0,True
2013-02-28,16.8,31.6,0,True
2013-03-04,8.6,48.699999999999996,0,True
2013-03-06,4.5,41.5,0,True
2013-03-07,4.8,43.7,0,True
2013-03-14,7.8,54.90000000000001,0,True
2013-03-17,25.2,71.6,0,True
2013-03-24,20.0,97.6,0,True
2013-04-14,11.5,83.5,0,True
2013-04-15,14.6,89.3,0,True
2013-04-17,7.9,75.5,0,True
2013-04-18,38.6,81.99999999999999,0,True
2013-04-20,38.7,123.99999999999999,0,True
2013-04-25,17.4,157.70000000000005,0,True
2013-04-26,27.6,175.10000000000005,0,True
2013-05-23,29.5,294.59999999999997,0,True
2013-06-11,27.4,223.70000000000002,0,True
2013-06-15,38.5,222.3,0,True
2013-06-23,19.8,183.2,0,True
2013-07-07,33.1,183.9,0,True
2013-07-16,28.2,132.9,0,True
2013-08-07,16.8,116.0,0,True
2013-08-08,26.3,132.79999999999998,0,True
2013-08-10,22.9,155.2,0,True
2013-08-18,20.3,179.6,0,True
2013-08-21,24.6,219.70000000000005,0,True
2013-08-26,28.6,238.80000000000004,0,True
2013-08-28,27.8,268.80000000000007,0,True
2013-09-05,43.6,287.8,0,True
2013-09-29,42.8,184.09999999999997,0,True
2013-10-03,32.4,198.89999999999998,0,True
2013-10-24,41.6,158.9,0,True
2013-11-19,20.3,128.70000000000002,0,True
2013-11-23,29.4,125.4,0,True
2013-11-30,25.1,137.5,0,True
2013-12-02,24.2,160.1,0,True
2013-12-23,13.8,133.6,0,True
2014-01-05,31.1,38.3,0,True
2014-01-21,6.2,55.099999999999994,0,True
2014-02-10,5.1,15.6,0,True
2014-02-13,8.1,19.2,0,True
2014-02-19,29.6,27.3,0,True
2014-02-23,5.2,51.1,0,True
2014-02-24,8.2,56.3,0,True
2014-02-26,10.5,65.7,0,True
2014-02-28,8.1,80.89999999999999,0,True
2014-03-03,12.8,88.99999999999999,0,True
2014-03-07,13.8,107.49999999999999,0,True
2014-03-25,18.4,93.2,0,True
2014-04-03,9.3,64.8,0,True
2014-04-07,22.6,67.4,0,True
2014-04-15,25.6,95.4,0,True
2014-04-19,23.9,121.0,0,True
2014-04-23,83.2,171.10000000000005,0,True
2014-04-26,26.5,244.70000000000002,0,True
2014-06-01,28.6,151.39999999999998,0,True
2014-06-06,21.2,192.1,0,True
2014-06-09,38.2,183.10000000000002,0,True
2014-06-14,28.9,191.8,0,True
2014-06-23,31.2,174.39999999999998,0,True
2014-07-26,16.2,76.30000000000001,0,True
2014-08-05,21.5,44.0,0,True
2014-08-06,34.9,50.5,0,True
2014-08-07,10.2,82.2,0,True
2014-08-08,20.6,92.39999999999999,0,True
2014-08-09,17.6,113.0,0,True
2014-08-13,22.4,154.1,0,True
2014-08-22,28.6,183.09999999999997,0,True
2014-08-26,21.5,200.89999999999998,0,True
2014-08-28,25.4,233.5,0,True
2014-09-11,29.6,155.1,0,True
2014-09-14,18.6,176.49999999999997,0,True
2014-10-06,20.9,140.9,0,True
2014-10-07,22.4,161.80000000000004,0,True
2014-10-09,32.4,194.0,0,True
2014-10-31,23.4,225.50000000000003,0,True
2014-11-06,38.9,232.60000000000002,0,True
2014-11-12,29.2,253.39999999999998,0,True
2014-12-07,17.8,133.4,0,True
2014-12-10,18.2,134.2,0,True
2014-12-11,15.1,135.2,0,True
2015-01-15,1.3,3.7,0,True
2015-01-17,1.5,5.0,0,True
2015-01-20,13.1,6.5,0,True
2015-01-22,20.3,19.6,0,True
2015-02-02,8.6,43.6,0,True
2015-02-07,5.5,54.7,0,True
2015-02-08,31.2,60.2,0,True
2015-02-09,10.7,87.7,0,True
2015-02-12,14.7,106.59999999999998,0,True
2015-03-17,3.8,10.0,0,True
2015-03-18,4.1,9.7,0,True
2015-03-19,4.6,13.799999999999999,0,True
2015-03-20,10.6,18.4,0,True
2015-03-21,8.1,29.0,0,True
2015-03-29,31.8,39.699999999999996,0,True
2015-04-02,9.2,67.4,0,True
2015-04-03,16.2,76.6,0,True
2015-04-07,14.1,99.09999999999997,0,True
2015-04-14,14.2,115.99999999999997,0,True
2015-04-17,28.4,143.2,0,True
2015-05-10,17.2,101.5,0,True
2015-05-14,42.8,115.2,0,True
2015-05-17,15.7,154.1,0,True
2015-05-20,38.4,140.2,0,True
2015-05-29,71.5,218.89999999999995,0,True
2015-06-21,32.3,248.8,0,True
2015-07-07,11.6,104.8,0,True
2015-07-10,28.6,97.0,0,True
2015-07-14,32.1,103.30000000000001,0,True
2015-07-15,19.2,131.0,0,True
2015-07-16,26.6,150.2,0,True
2015-07-19,35.6,197.60000000000002,0,True
2015-07-20,27.1,233.20000000000005,0,True
2015-08-24,23.4,148.29999999999998,0,True
2015-08-25,21.5,171.7,0,True
2015-09-10,15.2,138.09999999999997,0,True
2015-09-18,32.4,120.20000000000002,0,True
2015-10-13,10.2,63.9,0,True
2015-10-15,21.3,81.0,0,True
2015-10-23,9.7,74.49999999999999,0,True
2015-10-24,69.8,79.6,0,True
2015-12-05,24.1,113.1,0,True
2016-01-02,5.3,51.300000000000004,0,True
2016-01-03,6.4,47.0,0,True
2016-01-04,9.4,48.7,0,True
2016-01-05,6.1,34.0,0,True
2016-02-12,1.3,2.4,0,True
2016-02-13,11.9,3.7,0,True
2016-02-21,8.9,16.8,0,True
2016-02-22,14.5,25.7,0,True
2016-03-17,5.1,24.599999999999998,0,True
2016-03-19,25.2,28.5,0,True
2016-03-21,18.6,53.699999999999996,0,True
2016-03-22,14.8,72.3,0,True
2016-04-10,14.5,91.89999999999999,0,True
2016-04-12,18.8,110.00000000000001,0,True
2016-04-20,14.9,126.6,0,True
2016-04-24,16.8,111.80000000000001,0,True
2016-04-27,26.4,130.4,0,True
2016-06-03,18.2,167.79999999999998,0,True
2016-06-06,29.8,179.49999999999994,0,True
2016-06-22,29.8,181.10000000000002,0,True
2016-06-25,39.8,210.8,0,True
2016-07-05,27.6,191.09999999999997,0,True
2016-07-11,28.5,176.5,0,True
2016-07-19,33.1,249.30000000000007,0,True
2016-08-26,66.4,179.99999999999997,0,True
2016-09-05,27.8,242.10000000000005,0,True
2016-09-06,29.8,269.90000000000003,0,True
2016-09-10,36.1,268.6,0,True
2016-09-26,42.2,204.40000000000003,0,True
2016-09-30,29.7,211.90000000000006,0,True
2016-10-09,36.7,206.99999999999994,0,True
2016-10-10,28.5,243.69999999999996,0,True
2016-10-28,24.6,224.4,0,True
2016-11-04,26.8,256.0,0,True
2016-11-16,26.9,193.4,0,True
2016-11-19,69.7,200.6,0,True
2016-12-01,41.2,244.6,0,True
2017-01-07,10.5,91.2,0,True
2017-01-08,15.2,80.4,0,True
2017-02-12,5.8,4.1,0,True
2017-02-13,3.3,9.899999999999999,0,True
2017-02-16,6.4,10.4,0,True
2017-02-23,2.3,16.8,0,True
2017-02-26,2.4,19.1,0,True
2017-02-27,4.7,21.5,0,True
2017-03-03,13.2,27.8,0,True
2017-03-08,9.2,46.49999999999999,0,True
2017-03-11,9.6,55.69999999999999,0,True
2017-03-12,7.4,65.3,0,True
2017-03-13,9.3,72.7,0,True
2017-03-22,23.6,79.4,0,True
2017-03-23,12.3,103.0,0,True
2017-03-25,16.4,124.7,0,True
2017-03-30,14.9,148.79999999999995,0,True
2017-03-31,23.4,163.69999999999993,0,True
2017-04-08,40.5,156.30000000000004,0,True
2017-04-11,27.8,193.00000000000006,0,True
2017-04-18,30.2,209.70000000000005,0,True
2017-05-10,20.6,139.20000000000002,0,True
2017-05-13,21.2,142.1,0,True
2017-05-15,40.6,162.29999999999998,0,True
2017-05-31,40.5,201.2,0,True
2017-06-12,28.9,199.49999999999994,0,True
2017-06-13,31.4,207.2,0,True
2017-06-17,30.2,202.40000000000003,0,True
2017-07-18,17.4,167.00000000000003,0,True
2017-07-24,21.2,169.00000000000003,0,True
2017-08-07,20.4,131.5,0,True
2017-08-11,16.2,145.79999999999998,0,True
2017-08-15,14.4,135.79999999999998,0,True
2017-08-22,14.1,127.2,0,True
2017-08-26,18.2,122.2,0,True
2017-08-28,25.3,140.39999999999998,0,True
2017-08-29,20.1,151.5,0,True
2017-08-30,18.3,171.60000000000002,0,True
2017-09-09,24.5,199.79999999999995,0,True
2017-09-15,24.6,211.89999999999998,0,True
2017-09-22,33.4,212.0,0,True
2017-09-24,39.8,247.2,0,True
2017-10-10,25.9,187.49999999999997,0,True
2017-10-22,20.3,189.89999999999998,0,True
2017-10-26,15.3,133.1,0,True
2017-10-28,35.3,140.2,0,True
2017-11-18,24.6,164.6,0,True
2017-12-27,3.3,7.499999999999999,0,True
2017-12-28,13.6,10.8,0,True
2017-12-29,6.7,24.399999999999995,0,True
2018-01-01,13.8,31.099999999999998,0,True
2018-01-02,12.5,44.89999999999999,0,True
2018-01-03,24.9,57.39999999999999,0,True
2018-01-09,13.5,83.1,0,True
2018-01-18,12.2,118.39999999999999,0,True
2018-02-13,15.2,29.0,0,True
2018-02-25,9.8,18.7,0,True
2018-03-01,15.4,28.5,0,True
2018-03-07,14.9,46.4,0,True
2018-03-22,20.8,73.2,0,True
2018-03-23,10.9,94.0,0,True
2018-03-27,17.1,119.50000000000001,0,True
2018-04-01,15.8,126.4,0,True
2018-04-02,31.2,142.20000000000002,0,True
2018-04-13,28.8,218.70000000000005,0,True
2018-04-26,36.7,252.90000000000003,0,True
2018-05-03,29.4,256.6,0,True
2018-05-08,31.2,300.8999999999999,0,True
2018-05-10,46.1,333.4,0,True
2018-06-01,38.6,383.8999999999999,0,True
2018-06-11,39.8,302.00000000000006,0,True
2018-07-02,40.0,246.00000000000003,0,True
2018-07-26,24.8,202.2,0,True
2018-08-14,22.1,191.6,0,True
2018-08-18,32.2,216.1,0,True
2018-08-25,26.5,214.60000000000002,0,True
2018-09-05,37.6,175.0,0,True
2018-09-07,38.2,232.4,0,True
2018-09-15,34.4,254.6,0,True
2018-10-08,45.6,190.89999999999998,0,True
2018-11-04,28.2,239.1,0,True
2018-11-12,22.8,174.1,0,True
2018-11-23,21.2,167.20000000000002,0,True
2018-11-26,22.6,188.49999999999997,0,True
2019-01-09,2.1,8.8,0,True
2019-01-10,1.6,10.899999999999999,0,True
2019-01-13,1.9,12.5,0,True
2019-01-15,17.2,9.1,0,True
2019-01-16,4.2,26.3,0,True
2019-01-20,27.4,30.1,0,True
2019-02-18,12.8,27.4,0,True
2019-02-19,4.8,40.2,0,True
2019-02-20,4.1,17.6,0,True
2019-02-26,6.4,21.7,0,True
2019-02-27,15.2,28.1,0,True
2019-02-28,25.7,43.300000000000004,0,True
2019-03-01,13.1,69.0,0,True
2019-03-10,21.5,82.1,0,True
2019-03-21,18.2,111.3,0,True
2019-03-25,25.6,141.4,0,True
2019-03-28,34.2,166.99999999999997,0,True
2019-03-31,22.4,157.50000000000003,0,True
2019-04-05,24.6,179.9,0,True
2019-04-18,26.7,214.99999999999997,0,True
2019-05-09,48.2,108.3,0,True
2019-05-10,35.5,156.49999999999997,0,True
2019-05-11,23.4,180.49999999999997,0,True
2019-05-13,25.2,203.89999999999998,0,True
2019-05-19,23.4,207.10000000000002,0,True
2019-05-23,61.4,250.5,0,True
2019-05-26,35.4,303.4,0,True
2019-07-02,16.2,158.20000000000002,0,True
2019-07-10,37.3,120.9,0,True
2019-07-13,16.2,134.5,0,True
2019-07-22,20.4,169.60000000000002,0,True
2019-08-02,24.7,193.89999999999998,0,True
2019-08-12,32.6,150.19999999999996,0,True
2019-08-16,15.6,154.5,0,True
2019-08-18,18.1,170.79999999999995,0,True
2019-09-01,13.7,120.4,0,True
2019-09-13,10.6,79.2,0,True
2019-09-17,7.2,66.0,0,True
2019-09-18,25.2,55.099999999999994,0,True
2019-09-20,43.5,81.5,0,True
2019-09-22,14.2,127.39999999999999,0,True
2019-09-23,35.6,141.59999999999997,0,True
2019-10-12,26.8,241.59999999999994,0,True
2019-10-20,26.8,260.0,0,True
2019-10-23,32.6,254.69999999999996,0,True
2019-10-26,39.6,240.29999999999998,0,True
2019-10-31,43.4,305.9,0,True
2019-11-08,47.8,328.49999999999994,0,True
2019-12-13,7.5,38.0,0,True
2019-12-14,18.2,29.299999999999997,0,True
2019-12-17,47.2,31.3,0,True
2019-12-21,16.3,78.5,0,True
2019-12-31,26.5,102.7,0,True
2020-01-22,4.8,39.8,0,True
2020-01-23,5.2,44.599999999999994,0,True
2020-02-15,2.7,10.0,0,True
2020-02-16,4.3,12.7,0,True
2020-02-22,3.7,15.099999999999998,0,True
2020-03-01,1.5,13.600000000000001,0,True
2020-03-02,4.1,15.099999999999998,0,True
2020-03-10,3.8,19.2,0,True
2020-03-11,3.2,22.999999999999996,0,True
2020-03-12,6.6,26.2,0,True
2020-03-19,8.1,25.8,0,True
2020-03-24,8.2,29.1,0,True
2020-03-29,8.7,37.300000000000004,0,True
2020-04-04,5.2,48.800000000000004,0,True
2020-04-06,7.1,54.0,0,True
2020-04-10,7.8,62.10000000000001,0,True
2020-04-20,16.9,58.099999999999994,0,True
2020-04-22,19.1,73.2,0,True
2020-05-04,15.8,78.8,0,True
2020-05-15,12.2,77.60000000000001,0,True
2020-05-18,17.4,98.90000000000002,0,True
2020-05-19,13.4,112.80000000000003,0,True
2020-05-27,10.4,92.9,0,True
2020-05-28,18.3,103.3,0,True
2020-05-30,18.2,125.90000000000002,0,True
2020-06-03,19.7,136.5,0,True
2020-06-05,28.9,134.60000000000002,0,True
2020-06-10,44.5,176.70000000000002,0,True
2020-06-14,31.5,230.00000000000003,0,True
2020-07-08,80.2,294.1,0,True
2020-08-13,18.2,174.30000000000007,0,True
2020-08-17,21.1,190.9,0,True
2020-08-22,41.9,188.4,0,True
2020-08-23,25.1,214.1,0,True
2020-09-08,38.9,277.49999999999994,0,True
2020-10-19,23.1,184.89999999999998,0,True
2020-10-30,28.9,157.9,0,True
2020-10-31,65.2,173.60000000000005,0,True
2020-11-10,27.8,224.69999999999996,0,True
2020-11-13,27.3,239.2,0,True
2020-11-15,55.8,265.09999999999997,0,True
2021-01-02,2.4,16.5,0,True
2021-01-07,8.2,10.600000000000001,0,True
2021-01-08,16.2,18.8,0,True
2021-01-09,26.2,34.99999999999999,0,True
2021-01-10,6.2,61.19999999999999,0,True
2021-02-01,12.8,62.800000000000004,0,True
2021-02-18,1.8,16.0,0,True
2021-02-20,3.2,17.8,0,True
2021-02-22,6.3,21.0,0,True
2021-02-24,5.9,27.3,0,True
2021-02-25,3.7,33.2,0,True
2021-02-27,5.4,36.900000000000006,0,True
2021-03-03,16.2,42.3,0,True
2021-03-04,7.2,45.7,0,True
2021-03-05,10.2,52.9,0,True
2021-03-07,13.8,63.099999999999994,0,True
2021-03-10,12.6,82.2,0,True
2021-03-11,35.1,91.60000000000001,0,True
2021-03-12,15.1,126.70000000000002,0,True
2021-03-16,17.1,153.70000000000002,0,True
2021-03-17,19.3,170.79999999999998,0,True
2021-03-21,21.2,202.79999999999998,0,True
2021-03-23,37.6,233.2,0,True
2021-04-02,49.8,281.9,0,True
2021-04-03,38.5,315.50000000000006,0,True
2021-05-02,45.2,265.2,0,True
2021-05-06,33.8,218.49999999999997,0,True
2021-05-17,48.5,234.20000000000005,0,True
2021-05-24,35.4,298.19999999999993,0,True
2021-06-08,35.1,347.3,0,True
2021-06-10,37.9,372.4,0,True
2021-06-20,48.6,437.3999999999999,0,True
2021-07-24,36.4,290.8,0,True
2021-07-29,45.8,279.7,0,True
2021-08-10,35.6,237.50000000000003,0,True
2021-08-16,34.2,234.89999999999998,0,True
2021-08-24,25.1,245.5,0,True
2021-09-22,28.2,213.0,0,True
2021-09-28,21.2,196.79999999999998,0,True
2021-09-30,24.9,193.0,0,True
2021-10-05,28.2,201.5,0,True
2021-10-06,51.2,227.9,0,True
2021-10-28,30.1,247.9,0,True
2021-11-13,33.2,189.2,0,True
2021-12-17,10.5,48.0,0,True
2021-12-28,10.3,26.9,0,True
2021-12-29,14.7,37.2,0,True
2022-01-11,7.2,42.7,0,True
2022-02-05,12.9,13.299999999999999,0,True
2022-02-06,14.2,24.700000000000003,0,True
2022-02-07,5.4,36.800000000000004,0,True
2022-02-17,15.2,36.3,0,True
2022-02-20,10.2,55.699999999999996,0,True
2022-02-28,8.2,68.39999999999999,0,True
2022-03-01,12.2,76.6,0,True
2022-03-05,22.3,92.50000000000001,0,True
2022-03-06,16.4,114.80000000000003,0,True
2022-03-07,22.8,131.20000000000002,0,True
2022-03-12,28.2,129.8,0,True
2022-03-26,35.7,159.59999999999997,0,True
2022-03-28,28.6,208.0,0,True
2022-03-31,28.8,254.2,0,True
2022-04-03,36.2,277.19999999999993,0,True
2022-04-06,33.5,303.8,0,True
2022-04-07,62.8,314.5,0,True
2022-04-28,53.2,418.7,0,True
2022-05-25,23.2,215.9,0,True
2022-06-13,29.7,186.20000000000002,0,True
2022-06-14,27.8,215.89999999999998,0,True
2022-06-15,37.7,242.20000000000002,0,True
2022-07-17,44.5,361.4,0,True
2022-08-15,32.6,300.7,0,True
2022-09-02,22.5,224.2,0,True
2022-09-05,30.2,227.79999999999995,0,True
2022-10-12,58.2,178.10000000000002,0,True
2022-10-13,22.9,222.60000000000002,0,True
2022-10-25,28.3,201.79999999999995,0,True
2022-11-08,32.5,316.20000000000005,0,True
2022-12-14,11.1,100.0,0,True
2022-12-27,16.2,67.2,0,True
2023-01-05,5.3,40.8,0,True
2023-01-06,9.8,46.1,0,True
2023-01-09,16.8,59.4,0,True
2023-01-14,9.2,65.0,0,True
2023-02-11,5.3,28.599999999999998,0,True
2023-02-13,7.2,31.2,0,True
2023-02-14,20.3,29.2,0,True
2023-02-20,9.2,47.699999999999996,0,True
2023-02-21,6.3,56.9,0,True
2023-03-04,11.3,60.099999999999994,0,True
2023-03-08,20.2,74.3,0,True
2023-03-11,26.4,91.69999999999999,0,True
2023-03-15,16.8,121.5,0,True
2023-03-16,22.7,131.1,0,True
2023-04-03,44.6,178.60000000000002,0,True
2023-04-12,20.2,170.1,0,True
2023-04-22,17.8,174.70000000000002,0,True
2023-04-29,32.5,247.39999999999998,0,True
2023-05-06,32.8,222.50000000000003,0,True
2023-05-16,32.7,209.70000000000005,0,True
2023-05-25,41.2,227.2,0,True
2023-06-08,34.2,272.9,0,True
2023-07-03,12.2,112.30000000000001,0,True
2023-07-05,23.4,127.9,0,True
2023-07-06,19.2,137.1,0,True
2023-07-10,12.3,97.39999999999998,0,True
2023-07-14,21.0,114.39999999999999,0,True
2023-07-15,32.8,135.39999999999998,0,True
2023-07-16,22.5,168.19999999999996,0,True
2023-07-17,25.2,190.69999999999996,0,True
2023-08-16,11.2,61.2,0,True
2023-08-17,14.2,47.2,0,True
2023-08-20,10.3,61.400000000000006,0,True
2023-08-21,16.2,71.70000000000002,0,True
2023-08-22,12.1,87.9,0,True
2023-08-28,15.1,96.8,0,True
2023-09-03,15.5,120.0,0,True
2023-09-09,26.3,139.1,0,True
2023-09-14,25.1,174.69999999999996,0,True
2023-10-04,14.2,132.6,0,True
2023-10-08,25.3,175.0,0,True
2023-10-12,18.2,163.39999999999998,0,True
2023-10-21,42.3,149.7,0,True
2023-10-26,25.3,191.3,0,True
2023-11-17,40.2,207.0,0,True
2023-12-16,32.2,93.00000000000001,0,True
2023-12-30,6.2,47.50000000000001,0,True
2024-01-30,0.0,0.0,0,True
2024-01-31,0.0,0.0,0,True
2024-02-01,1.8,0.0,0,True
2024-02-02,8.1,1.8,0,True
2024-02-03,2.5,9.9,0,True
2024-02-04,5.2,12.4,0,True
2024-02-05,11.5,17.6,0,True
2024-02-06,18.6,29.099999999999998,0,True
2024-03-11,3.1,6.2,0,True
2024-03-13,5.3,6.7,0,True
2024-03-14,8.5,12.0,0,True
2024-03-20,12.2,16.900000000000002,0,True
2024-03-21,5.4,29.1,0,True
2024-04-02,4.2,39.1,0,True
2024-04-03,4.8,43.3,0,True
2024-04-04,20.2,48.1,0,True
2024-04-08,16.4,73.19999999999999,0,True
2024-04-17,8.6,84.70000000000002,0,True
2024-04-19,20.6,102.2,0,True
2024-04-21,32.4,106.60000000000002,0,True
2024-04-22,15.2,138.99999999999997,0,True
2024-04-26,16.8,162.6,0,True
2024-04-27,25.2,179.4,0,True
2024-05-08,23.5,209.50000000000003,0,True
2024-05-10,32.7,231.4,0,True
2024-05-27,20.2,200.29999999999998,0,True
2024-05-28,25.8,195.3,0,True
2024-05-30,35.2,222.10000000000002,0,True
2024-06-03,33.2,270.70000000000005,0,True
2024-06-14,34.3,270.9,0,True
2024-06-15,60.5,305.2,0,True
2024-06-26,40.4,398.1,0,True
2024-08-05,12.3,38.9,0,True
2024-08-06,5.4,51.2,0,True
2024-08-09,17.2,50.60000000000001,0,True
2024-08-10,24.2,63.30000000000001,0,True
2024-08-11,20.5,87.5,0,True
2024-08-12,18.2,108.00000000000001,0,True
2024-08-15,24.1,126.20000000000002,0,True
2024-08-24,21.2,181.79999999999998,0,True
2024-08-28,20.2,190.5,0,True
2024-09-02,25.6,222.7,0,True
2024-09-04,56.2,248.29999999999998,0,True
2024-09-16,25.1,196.29999999999998,0,True
2024-09-27,19.8,193.69999999999996,0,True
2024-09-29,55.8,201.99999999999997,0,True
2024-10-06,38.9,169.7,0,True
2024-10-10,36.5,241.19999999999993,0,True
2024-10-20,27.1,250.49999999999997,0,True
2024-10-30,32.5,217.00000000000003,0,True
2024-10-31,27.2,249.50000000000003,0,True
2024-11-04,36.2,280.20000000000005,0,True
2024-11-09,70.3,256.1,0,True
2024-12-14,15.2,85.8,0,True
2024-12-15,20.1,90.9,0,True
2024-12-21,7.8,77.10000000000001,0,True
2024-12-22,9.1,84.9,0,True
2024-12-26,11.1,89.0,0,True
2024-12-27,12.9,84.0,0,True
